seed,beta_s0s1_latent,beta_s0s1_naive,beta_s0s1_adjusted,beta_s1s2,arm,precision,recall,f1,shd,death_node_added,n_traps_accepted,accepted_S2_S0,accepted_S2_S1,accepts_any_trap
2762461252,0.2409725763168022,0.35693736377999835,0.6759646259726078,0.1869053244087711,A,0.7142857142857143,0.8333333333333334,0.7692307692307692,3,True,2,True,True,True
2762461252,0.2409725763168022,0.35693736377999835,0.6759646259726078,0.1869053244087711,B,1.0,0.8333333333333334,0.9090909090909091,1,True,0,False,False,False
2762461252,0.2409725763168022,0.35693736377999835,0.6759646259726078,0.1869053244087711,C,1.0,1.0,1.0,0,True,0,False,False,False
3692676592,0.16996612188833324,0.24816893215672858,0.6016516541039687,0.31332834006992866,A,0.7142857142857143,0.8333333333333334,0.7692307692307692,3,True,2,True,True,True
3692676592,0.16996612188833324,0.24816893215672858,0.6016516541039687,0.31332834006992866,B,1.0,0.8333333333333334,0.9090909090909091,1,True,0,False,False,False
3692676592,0.16996612188833324,0.24816893215672858,0.6016516541039687,0.31332834006992866,C,1.0,1.0,1.0,0,True,0,False,False,False
98913500,0.1839876196151565,0.28029981589369085,0.6359545422028661,0.3820259027810941,A,0.7142857142857143,0.8333333333333334,0.7692307692307692,3,True,2,True,True,True
98913500,0.1839876196151565,0.28029981589369085,0.6359545422028661,0.3820259027810941,B,1.0,0.8333333333333334,0.9090909090909091,1,True,0,False,False,False
98913500,0.1839876196151565,0.28029981589369085,0.6359545422028661,0.3820259027810941,C,1.0,1.0,1.0,0,True,0,False,False,False
3784243034,0.33549863150531756,0.4205356223171684,0.7141749803314686,0.1108806694762563,A,0.7142857142857143,0.8333333333333334,0.7692307692307692,3,True,2,True,True,True
3784243034,0.33549863150531756,0.4205356223171684,0.7141749803314686,0.1108806694762563,B,1.0,0.8333333333333334,0.9090909090909091,1,True,0,False,False,False
3784243034,0.33549863150531756,0.4205356223171684,0.7141749803314686,0.1108806694762563,C,1.0,1.0,1.0,0,True,0,False,False,False
371099005,0.2084571366358457,0.2559491641557559,0.5166971781970238,0.2860941061808579,A,0.7142857142857143,0.8333333333333334,0.7692307692307692,3,True,2,True,True,True
371099005,0.2084571366358457,0.2559491641557559,0.5166971781970238,0.2860941061808579,B,1.0,0.8333333333333334,0.9090909090909091,1,True,0,False,False,False
371099005,0.2084571366358457,0.2559491641557559,0.5166971781970238,0.2860941061808579,C,1.0,1.0,1.0,0,True,0,False,False,False
3292958799,0.2848268315213031,0.3395529936977516,0.6692153141199139,0.2198544772270948,A,0.7142857142857143,0.8333333333333334,0.7692307692307692,3,True,2,True,True,True
3292958799,0.2848268315213031,0.3395529936977516,0.6692153141199139,0.2198544772270948,B,1.0,0.8333333333333334,0.9090909090909091,1,True,0,False,False,False
3292958799,0.2848268315213031,0.3395529936977516,0.6692153141199139,0.2198544772270948,C,1.0,1.0,1.0,0,True,0,False,False,False
1222164897,0.35945121195469293,0.4231183677497424,0.7964154759282328,0.20494280271165286,A,0.7142857142857143,0.8333333333333334,0.7692307692307692,3,True,2,True,True,True
1222164897,0.35945121195469293,0.4231183677497424,0.7964154759282328,0.20494280271165286,B,1.0,0.8333333333333334,0.9090909090909091,1,True,0,False,False,False
1222164897,0.35945121195469293,0.4231183677497424,0.7964154759282328,0.20494280271165286,C,1.0,1.0,1.0,0,True,0,False,False,False
1999946192,0.37286846311419425,0.4622417626560179,0.7997438477082452,-0.01430328869403266,A,0.7142857142857143,0.8333333333333334,0.7692307692307692,3,True,2,True,True,True
1999946192,0.37286846311419425,0.4622417626560179,0.7997438477082452,-0.01430328869403266,B,1.0,0.8333333333333334,0.9090909090909091,1,True,0,False,False,False
1999946192,0.37286846311419425,0.4622417626560179,0.7997438477082452,-0.01430328869403266,C,1.0,1.0,1.0,0,True,0,False,False,False
596494958,0.29499755535400257,0.36720941304687826,0.7266632107768819,0.38333908099123387,A,0.7142857142857143,0.8333333333333334,0.7692307692307692,3,True,2,True,True,True
596494958,0.29499755535400257,0.36720941304687826,0.7266632107768819,0.38333908099123387,B,1.0,0.8333333333333334,0.9090909090909091,1,True,0,False,False,False
596494958,0.29499755535400257,0.36720941304687826,0.7266632107768819,0.38333908099123387,C,1.0,1.0,1.0,0,True,0,False,False,False
1417697257,0.2830284324767302,0.3589365071595574,0.659408384473822,-0.032913634567566956,A,0.7142857142857143,0.8333333333333334,0.7692307692307692,3,True,2,True,True,True
1417697257,0.2830284324767302,0.3589365071595574,0.659408384473822,-0.032913634567566956,B,1.0,0.8333333333333334,0.9090909090909091,1,True,0,False,False,False
1417697257,0.2830284324767302,0.3589365071595574,0.659408384473822,-0.032913634567566956,C,1.0,1.0,1.0,0,True,0,False,False,False
1289420707,0.3221119091207691,0.3826956085936728,0.738620845339952,0.017328135384847104,A,0.7142857142857143,0.8333333333333334,0.7692307692307692,3,True,2,True,True,True
1289420707,0.3221119091207691,0.3826956085936728,0.738620845339952,0.017328135384847104,B,1.0,0.8333333333333334,0.9090909090909091,1,True,0,False,False,False
1289420707,0.3221119091207691,0.3826956085936728,0.738620845339952,0.017328135384847104,C,1.0,1.0,1.0,0,True,0,False,False,False
3378013676,0.2917200827661394,0.4402105861454331,0.8362654333226651,-0.06357789226850102,A,0.7142857142857143,0.8333333333333334,0.7692307692307692,3,True,2,True,True,True
3378013676,0.2917200827661394,0.4402105861454331,0.8362654333226651,-0.06357789226850102,B,1.0,0.8333333333333334,0.9090909090909091,1,True,0,False,False,False
3378013676,0.2917200827661394,0.4402105861454331,0.8362654333226651,-0.06357789226850102,C,1.0,1.0,1.0,0,True,0,False,False,False
2522664511,0.3023140284711261,0.3234798654182558,0.6253508461034425,0.30452986971979645,A,0.7142857142857143,0.8333333333333334,0.7692307692307692,3,True,2,True,True,True
2522664511,0.3023140284711261,0.3234798654182558,0.6253508461034425,0.30452986971979645,B,1.0,0.8333333333333334,0.9090909090909091,1,True,0,False,False,False
2522664511,0.3023140284711261,0.3234798654182558,0.6253508461034425,0.30452986971979645,C,1.0,1.0,1.0,0,True,0,False,False,False
1588433700,0.3302460010084415,0.41997463618828906,0.7178306543307922,0.24706712162786798,A,0.7142857142857143,0.8333333333333334,0.7692307692307692,3,True,2,True,True,True
1588433700,0.3302460010084415,0.41997463618828906,0.7178306543307922,0.24706712162786798,B,1.0,0.8333333333333334,0.9090909090909091,1,True,0,False,False,False
1588433700,0.3302460010084415,0.41997463618828906,0.7178306543307922,0.24706712162786798,C,1.0,1.0,1.0,0,True,0,False,False,False
2665505113,0.29091102086887405,0.3286473808847013,0.6895680357276022,0.007773744151913038,A,0.7142857142857143,0.8333333333333334,0.7692307692307692,3,True,2,True,True,True
2665505113,0.29091102086887405,0.3286473808847013,0.6895680357276022,0.007773744151913038,B,1.0,0.8333333333333334,0.9090909090909091,1,True,0,False,False,False
2665505113,0.29091102086887405,0.3286473808847013,0.6895680357276022,0.007773744151913038,C,1.0,1.0,1.0,0,True,0,False,False,False
2129916983,0.19802424058309193,0.2534029517175335,0.5260218848296503,0.11854259876523911,A,0.7142857142857143,0.8333333333333334,0.7692307692307692,3,True,2,True,True,True
2129916983,0.19802424058309193,0.2534029517175335,0.5260218848296503,0.11854259876523911,B,1.0,0.8333333333333334,0.9090909090909091,1,True,0,False,False,False
2129916983,0.19802424058309193,0.2534029517175335,0.5260218848296503,0.11854259876523911,C,1.0,1.0,1.0,0,True,0,False,False,False
3930900655,0.18626081973754674,0.23593170318470796,0.5355808743488454,-0.14925091876124372,A,0.7142857142857143,0.8333333333333334,0.7692307692307692,3,True,2,True,True,True
3930900655,0.18626081973754674,0.23593170318470796,0.5355808743488454,-0.14925091876124372,B,1.0,0.8333333333333334,0.9090909090909091,1,True,0,False,False,False
3930900655,0.18626081973754674,0.23593170318470796,0.5355808743488454,-0.14925091876124372,C,1.0,1.0,1.0,0,True,0,False,False,False
3636431958,0.10255117230304123,0.19669405698178577,0.5398083219047841,0.24879411356784914,A,0.7142857142857143,0.8333333333333334,0.7692307692307692,3,True,2,True,True,True
3636431958,0.10255117230304123,0.19669405698178577,0.5398083219047841,0.24879411356784914,B,1.0,0.8333333333333334,0.9090909090909091,1,True,0,False,False,False
3636431958,0.10255117230304123,0.19669405698178577,0.5398083219047841,0.24879411356784914,C,1.0,1.0,1.0,0,True,0,False,False,False
1227944713,0.17013142030984726,0.2628131820893719,0.5343777548200566,0.242747349483459,A,0.7142857142857143,0.8333333333333334,0.7692307692307692,3,True,2,True,True,True
1227944713,0.17013142030984726,0.2628131820893719,0.5343777548200566,0.242747349483459,B,1.0,0.8333333333333334,0.9090909090909091,1,True,0,False,False,False
1227944713,0.17013142030984726,0.2628131820893719,0.5343777548200566,0.242747349483459,C,1.0,1.0,1.0,0,True,0,False,False,False
3520395328,0.26934292860894304,0.33227374934290627,0.7088121546146469,0.18055067207650202,A,0.7142857142857143,0.8333333333333334,0.7692307692307692,3,True,2,True,True,True
3520395328,0.26934292860894304,0.33227374934290627,0.7088121546146469,0.18055067207650202,B,1.0,0.8333333333333334,0.9090909090909091,1,True,0,False,False,False
3520395328,0.26934292860894304,0.33227374934290627,0.7088121546146469,0.18055067207650202,C,1.0,1.0,1.0,0,True,0,False,False,False
3000794559,0.2815152270148027,0.374656226444492,0.7109406845359476,0.40769224626345674,A,0.7142857142857143,0.8333333333333334,0.7692307692307692,3,True,2,True,True,True
3000794559,0.2815152270148027,0.374656226444492,0.7109406845359476,0.40769224626345674,B,1.0,0.8333333333333334,0.9090909090909091,1,True,0,False,False,False
3000794559,0.2815152270148027,0.374656226444492,0.7109406845359476,0.40769224626345674,C,1.0,1.0,1.0,0,True,0,False,False,False
989867017,0.2972719365443346,0.36554871227773755,0.6618903419008313,0.20816427371829577,A,0.7142857142857143,0.8333333333333334,0.7692307692307692,3,True,2,True,True,True
989867017,0.2972719365443346,0.36554871227773755,0.6618903419008313,0.20816427371829577,B,1.0,0.8333333333333334,0.9090909090909091,1,True,0,False,False,False
989867017,0.2972719365443346,0.36554871227773755,0.6618903419008313,0.20816427371829577,C,1.0,1.0,1.0,0,True,0,False,False,False
3520892837,0.3441765382073417,0.42534414829788253,0.7735788871848497,0.13260074744629832,A,0.7142857142857143,0.8333333333333334,0.7692307692307692,3,True,2,True,True,True
3520892837,0.3441765382073417,0.42534414829788253,0.7735788871848497,0.13260074744629832,B,1.0,0.8333333333333334,0.9090909090909091,1,True,0,False,False,False
3520892837,0.3441765382073417,0.42534414829788253,0.7735788871848497,0.13260074744629832,C,1.0,1.0,1.0,0,True,0,False,False,False
957741233,0.26111174063710935,0.35288116352469157,0.5660420276018866,0.47092314650719713,A,0.7142857142857143,0.8333333333333334,0.7692307692307692,3,True,2,True,True,True
957741233,0.26111174063710935,0.35288116352469157,0.5660420276018866,0.47092314650719713,B,1.0,0.8333333333333334,0.9090909090909091,1,True,0,False,False,False
957741233,0.26111174063710935,0.35288116352469157,0.5660420276018866,0.47092314650719713,C,1.0,1.0,1.0,0,True,0,False,False,False
3660070859,0.20528818855483083,0.2752404009356487,0.5683671317583712,0.21604836661448332,A,0.7142857142857143,0.8333333333333334,0.7692307692307692,3,True,2,True,True,True
3660070859,0.20528818855483083,0.2752404009356487,0.5683671317583712,0.21604836661448332,B,1.0,0.8333333333333334,0.9090909090909091,1,True,0,False,False,False
3660070859,0.20528818855483083,0.2752404009356487,0.5683671317583712,0.21604836661448332,C,1.0,1.0,1.0,0,True,0,False,False,False
1796830576,0.27009715924509425,0.336460276234431,0.7081717390185747,0.16960288768373297,A,0.7142857142857143,0.8333333333333334,0.7692307692307692,3,True,2,True,True,True
1796830576,0.27009715924509425,0.336460276234431,0.7081717390185747,0.16960288768373297,B,1.0,0.8333333333333334,0.9090909090909091,1,True,0,False,False,False
1796830576,0.27009715924509425,0.336460276234431,0.7081717390185747,0.16960288768373297,C,1.0,1.0,1.0,0,True,0,False,False,False
2982966709,0.23516326204775836,0.2982305941493601,0.686895497289277,0.22442412924869462,A,0.7142857142857143,0.8333333333333334,0.7692307692307692,3,True,2,True,True,True
2982966709,0.23516326204775836,0.2982305941493601,0.686895497289277,0.22442412924869462,B,1.0,0.8333333333333334,0.9090909090909091,1,True,0,False,False,False
2982966709,0.23516326204775836,0.2982305941493601,0.686895497289277,0.22442412924869462,C,1.0,1.0,1.0,0,True,0,False,False,False
4270032375,0.28517857488087095,0.3436366987093281,0.6501997476686219,0.3373913805747047,A,0.7142857142857143,0.8333333333333334,0.7692307692307692,3,True,2,True,True,True
4270032375,0.28517857488087095,0.3436366987093281,0.6501997476686219,0.3373913805747047,B,1.0,0.8333333333333334,0.9090909090909091,1,True,0,False,False,False
4270032375,0.28517857488087095,0.3436366987093281,0.6501997476686219,0.3373913805747047,C,1.0,1.0,1.0,0,True,0,False,False,False
1048020500,0.24430447029807123,0.3500751840853412,0.6210183840528457,-0.12477904405057304,A,0.7142857142857143,0.8333333333333334,0.7692307692307692,3,True,2,True,True,True
1048020500,0.24430447029807123,0.3500751840853412,0.6210183840528457,-0.12477904405057304,B,1.0,0.8333333333333334,0.9090909090909091,1,True,0,False,False,False
1048020500,0.24430447029807123,0.3500751840853412,0.6210183840528457,-0.12477904405057304,C,1.0,1.0,1.0,0,True,0,False,False,False
3243861200,0.21291389102687694,0.32738090585548146,0.626607253071278,0.11323303540511356,A,0.7142857142857143,0.8333333333333334,0.7692307692307692,3,True,2,True,True,True
3243861200,0.21291389102687694,0.32738090585548146,0.626607253071278,0.11323303540511356,B,1.0,0.8333333333333334,0.9090909090909091,1,True,0,False,False,False
3243861200,0.21291389102687694,0.32738090585548146,0.626607253071278,0.11323303540511356,C,1.0,1.0,1.0,0,True,0,False,False,False
2233364903,0.36472997051746076,0.4153503865503695,0.6801567030168167,-0.03337304218335192,A,0.7142857142857143,0.8333333333333334,0.7692307692307692,3,True,2,True,True,True
2233364903,0.36472997051746076,0.4153503865503695,0.6801567030168167,-0.03337304218335192,B,1.0,0.8333333333333334,0.9090909090909091,1,True,0,False,False,False
2233364903,0.36472997051746076,0.4153503865503695,0.6801567030168167,-0.03337304218335192,C,1.0,1.0,1.0,0,True,0,False,False,False
1926484823,0.25818321976992387,0.3527048805648188,0.6856950404599351,-0.033919252098023114,A,0.7142857142857143,0.8333333333333334,0.7692307692307692,3,True,2,True,True,True
1926484823,0.25818321976992387,0.3527048805648188,0.6856950404599351,-0.033919252098023114,B,1.0,0.8333333333333334,0.9090909090909091,1,True,0,False,False,False
1926484823,0.25818321976992387,0.3527048805648188,0.6856950404599351,-0.033919252098023114,C,1.0,1.0,1.0,0,True,0,False,False,False
2906462174,0.24979946822257146,0.35312134767558395,0.6776696356248583,0.403253545165614,A,0.7142857142857143,0.8333333333333334,0.7692307692307692,3,True,2,True,True,True
2906462174,0.24979946822257146,0.35312134767558395,0.6776696356248583,0.403253545165614,B,1.0,0.8333333333333334,0.9090909090909091,1,True,0,False,False,False
2906462174,0.24979946822257146,0.35312134767558395,0.6776696356248583,0.403253545165614,C,1.0,1.0,1.0,0,True,0,False,False,False
1758182434,0.23944225554172505,0.31078817517523466,0.7341889942668401,0.2215248491902335,A,0.7142857142857143,0.8333333333333334,0.7692307692307692,3,True,2,True,True,True
1758182434,0.23944225554172505,0.31078817517523466,0.7341889942668401,0.2215248491902335,B,1.0,0.8333333333333334,0.9090909090909091,1,True,0,False,False,False
1758182434,0.23944225554172505,0.31078817517523466,0.7341889942668401,0.2215248491902335,C,1.0,1.0,1.0,0,True,0,False,False,False
4144984118,0.3318949301911034,0.38223347218517645,0.7144193958862578,0.11156353120992869,A,0.7142857142857143,0.8333333333333334,0.7692307692307692,3,True,2,True,True,True
4144984118,0.3318949301911034,0.38223347218517645,0.7144193958862578,0.11156353120992869,B,1.0,0.8333333333333334,0.9090909090909091,1,True,0,False,False,False
4144984118,0.3318949301911034,0.38223347218517645,0.7144193958862578,0.11156353120992869,C,1.0,1.0,1.0,0,True,0,False,False,False
2024072688,0.12223216551981449,0.26159510421554966,0.5788445508171973,0.015836484317936154,A,0.7142857142857143,0.8333333333333334,0.7692307692307692,3,True,2,True,True,True
2024072688,0.12223216551981449,0.26159510421554966,0.5788445508171973,0.015836484317936154,B,1.0,0.8333333333333334,0.9090909090909091,1,True,0,False,False,False
2024072688,0.12223216551981449,0.26159510421554966,0.5788445508171973,0.015836484317936154,C,1.0,1.0,1.0,0,True,0,False,False,False
2661958601,0.20179507181901882,0.2687946160272377,0.6759886101950107,-0.14748980291505914,A,0.7142857142857143,0.8333333333333334,0.7692307692307692,3,True,2,True,True,True
2661958601,0.20179507181901882,0.2687946160272377,0.6759886101950107,-0.14748980291505914,B,1.0,0.8333333333333334,0.9090909090909091,1,True,0,False,False,False
2661958601,0.20179507181901882,0.2687946160272377,0.6759886101950107,-0.14748980291505914,C,1.0,1.0,1.0,0,True,0,False,False,False
2834941936,0.2597056908846367,0.39265971033689284,0.7409602976206101,0.0901096804974059,A,0.7142857142857143,0.8333333333333334,0.7692307692307692,3,True,2,True,True,True
2834941936,0.2597056908846367,0.39265971033689284,0.7409602976206101,0.0901096804974059,B,1.0,0.8333333333333334,0.9090909090909091,1,True,0,False,False,False
2834941936,0.2597056908846367,0.39265971033689284,0.7409602976206101,0.0901096804974059,C,1.0,1.0,1.0,0,True,0,False,False,False
754474881,0.32288009484999897,0.4081961196398036,0.7514583826439236,0.22138788634200607,A,0.7142857142857143,0.8333333333333334,0.7692307692307692,3,True,2,True,True,True
754474881,0.32288009484999897,0.4081961196398036,0.7514583826439236,0.22138788634200607,B,1.0,0.8333333333333334,0.9090909090909091,1,True,0,False,False,False
754474881,0.32288009484999897,0.4081961196398036,0.7514583826439236,0.22138788634200607,C,1.0,1.0,1.0,0,True,0,False,False,False
3904743897,0.21447828632796923,0.34366748730061003,0.6977440259828804,0.1711666104972932,A,0.7142857142857143,0.8333333333333334,0.7692307692307692,3,True,2,True,True,True
3904743897,0.21447828632796923,0.34366748730061003,0.6977440259828804,0.1711666104972932,B,1.0,0.8333333333333334,0.9090909090909091,1,True,0,False,False,False
3904743897,0.21447828632796923,0.34366748730061003,0.6977440259828804,0.1711666104972932,C,1.0,1.0,1.0,0,True,0,False,False,False
2352204240,0.24960375904143328,0.2943527434484736,0.6013950944681193,0.35179020652191156,A,0.7142857142857143,0.8333333333333334,0.7692307692307692,3,True,2,True,True,True
2352204240,0.24960375904143328,0.2943527434484736,0.6013950944681193,0.35179020652191156,B,1.0,0.8333333333333334,0.9090909090909091,1,True,0,False,False,False
2352204240,0.24960375904143328,0.2943527434484736,0.6013950944681193,0.35179020652191156,C,1.0,1.0,1.0,0,True,0,False,False,False
369060758,0.3135971209806275,0.4497804213058457,0.6834530622285027,0.13532116351585236,A,0.7142857142857143,0.8333333333333334,0.7692307692307692,3,True,2,True,True,True
369060758,0.3135971209806275,0.4497804213058457,0.6834530622285027,0.13532116351585236,B,1.0,0.8333333333333334,0.9090909090909091,1,True,0,False,False,False
369060758,0.3135971209806275,0.4497804213058457,0.6834530622285027,0.13532116351585236,C,1.0,1.0,1.0,0,True,0,False,False,False
1181865736,0.23799784663445428,0.3528336150464968,0.7734456370700104,-0.02465733956449799,A,0.7142857142857143,0.8333333333333334,0.7692307692307692,3,True,2,True,True,True
1181865736,0.23799784663445428,0.3528336150464968,0.7734456370700104,-0.02465733956449799,B,1.0,0.8333333333333334,0.9090909090909091,1,True,0,False,False,False
1181865736,0.23799784663445428,0.3528336150464968,0.7734456370700104,-0.02465733956449799,C,1.0,1.0,1.0,0,True,0,False,False,False
662181964,0.23123660090721013,0.30630230423246985,0.6579298916120087,-0.20848726398239392,A,0.7142857142857143,0.8333333333333334,0.7692307692307692,3,True,2,True,True,True
662181964,0.23123660090721013,0.30630230423246985,0.6579298916120087,-0.20848726398239392,B,1.0,0.8333333333333334,0.9090909090909091,1,True,0,False,False,False
662181964,0.23123660090721013,0.30630230423246985,0.6579298916120087,-0.20848726398239392,C,1.0,1.0,1.0,0,True,0,False,False,False
1695945077,0.30166631342694245,0.3956737093878793,0.6031338839401115,0.3108212442981424,A,0.7142857142857143,0.8333333333333334,0.7692307692307692,3,True,2,True,True,True
1695945077,0.30166631342694245,0.3956737093878793,0.6031338839401115,0.3108212442981424,B,1.0,0.8333333333333334,0.9090909090909091,1,True,0,False,False,False
1695945077,0.30166631342694245,0.3956737093878793,0.6031338839401115,0.3108212442981424,C,1.0,1.0,1.0,0,True,0,False,False,False
3350777649,0.1610366725282512,0.21530141438845934,0.547298721351482,0.4862002209883699,A,0.7142857142857143,0.8333333333333334,0.7692307692307692,3,True,2,True,True,True
3350777649,0.1610366725282512,0.21530141438845934,0.547298721351482,0.4862002209883699,B,1.0,0.8333333333333334,0.9090909090909091,1,True,0,False,False,False
3350777649,0.1610366725282512,0.21530141438845934,0.547298721351482,0.4862002209883699,C,1.0,1.0,1.0,0,True,0,False,False,False
3240413341,0.25164980802782866,0.34767793074258213,0.705702068687619,0.4196461746470852,A,0.7142857142857143,0.8333333333333334,0.7692307692307692,3,True,2,True,True,True
3240413341,0.25164980802782866,0.34767793074258213,0.705702068687619,0.4196461746470852,B,1.0,0.8333333333333334,0.9090909090909091,1,True,0,False,False,False
3240413341,0.25164980802782866,0.34767793074258213,0.705702068687619,0.4196461746470852,C,1.0,1.0,1.0,0,True,0,False,False,False
3172904026,0.3112267333947873,0.4003329046584669,0.6767159324217001,0.3598659748064262,A,0.7142857142857143,0.8333333333333334,0.7692307692307692,3,True,2,True,True,True
3172904026,0.3112267333947873,0.4003329046584669,0.6767159324217001,0.3598659748064262,B,1.0,0.8333333333333334,0.9090909090909091,1,True,0,False,False,False
3172904026,0.3112267333947873,0.4003329046584669,0.6767159324217001,0.3598659748064262,C,1.0,1.0,1.0,0,True,0,False,False,False
1095858098,0.3010801251374107,0.39112341665632505,0.7453134889070536,0.01945671733852333,A,0.7142857142857143,0.8333333333333334,0.7692307692307692,3,True,2,True,True,True
1095858098,0.3010801251374107,0.39112341665632505,0.7453134889070536,0.01945671733852333,B,1.0,0.8333333333333334,0.9090909090909091,1,True,0,False,False,False
1095858098,0.3010801251374107,0.39112341665632505,0.7453134889070536,0.01945671733852333,C,1.0,1.0,1.0,0,True,0,False,False,False
368286234,0.21875260350855882,0.3196837924236599,0.5455372680949716,-0.07280335004242064,A,0.7142857142857143,0.8333333333333334,0.7692307692307692,3,True,2,True,True,True
368286234,0.21875260350855882,0.3196837924236599,0.5455372680949716,-0.07280335004242064,B,1.0,0.8333333333333334,0.9090909090909091,1,True,0,False,False,False
368286234,0.21875260350855882,0.3196837924236599,0.5455372680949716,-0.07280335004242064,C,1.0,1.0,1.0,0,True,0,False,False,False
2637433101,0.25960860902614585,0.3210448276211005,0.6354037700390217,0.454569093542016,A,0.7142857142857143,0.8333333333333334,0.7692307692307692,3,True,2,True,True,True
2637433101,0.25960860902614585,0.3210448276211005,0.6354037700390217,0.454569093542016,B,1.0,0.8333333333333334,0.9090909090909091,1,True,0,False,False,False
2637433101,0.25960860902614585,0.3210448276211005,0.6354037700390217,0.454569093542016,C,1.0,1.0,1.0,0,True,0,False,False,False
3519371217,0.3414625415649217,0.45832627585558955,0.7543160360546116,0.2621295047788328,A,0.7142857142857143,0.8333333333333334,0.7692307692307692,3,True,2,True,True,True
3519371217,0.3414625415649217,0.45832627585558955,0.7543160360546116,0.2621295047788328,B,1.0,0.8333333333333334,0.9090909090909091,1,True,0,False,False,False
3519371217,0.3414625415649217,0.45832627585558955,0.7543160360546116,0.2621295047788328,C,1.0,1.0,1.0,0,True,0,False,False,False
735764153,0.2783210784056544,0.30862791181763927,0.6054171619464223,0.20243334227284512,A,0.7142857142857143,0.8333333333333334,0.7692307692307692,3,True,2,True,True,True
735764153,0.2783210784056544,0.30862791181763927,0.6054171619464223,0.20243334227284512,B,1.0,0.8333333333333334,0.9090909090909091,1,True,0,False,False,False
735764153,0.2783210784056544,0.30862791181763927,0.6054171619464223,0.20243334227284512,C,1.0,1.0,1.0,0,True,0,False,False,False
3748490596,0.25713159114975315,0.3228631703897221,0.5873048965060272,0.42954654885745647,A,0.7142857142857143,0.8333333333333334,0.7692307692307692,3,True,2,True,True,True
3748490596,0.25713159114975315,0.3228631703897221,0.5873048965060272,0.42954654885745647,B,1.0,0.8333333333333334,0.9090909090909091,1,True,0,False,False,False
3748490596,0.25713159114975315,0.3228631703897221,0.5873048965060272,0.42954654885745647,C,1.0,1.0,1.0,0,True,0,False,False,False
2767397002,0.24070764352220736,0.3151305995713113,0.6250193101786815,0.7442685132666165,A,0.7142857142857143,0.8333333333333334,0.7692307692307692,3,True,2,True,True,True
2767397002,0.24070764352220736,0.3151305995713113,0.6250193101786815,0.7442685132666165,B,1.0,0.8333333333333334,0.9090909090909091,1,True,0,False,False,False
2767397002,0.24070764352220736,0.3151305995713113,0.6250193101786815,0.7442685132666165,C,1.0,1.0,1.0,0,True,0,False,False,False
2856684641,0.3908514048034993,0.4372782516325313,0.8120654704646452,0.04098224990585625,A,0.7142857142857143,0.8333333333333334,0.7692307692307692,3,True,2,True,True,True
2856684641,0.3908514048034993,0.4372782516325313,0.8120654704646452,0.04098224990585625,B,1.0,0.8333333333333334,0.9090909090909091,1,True,0,False,False,False
2856684641,0.3908514048034993,0.4372782516325313,0.8120654704646452,0.04098224990585625,C,1.0,1.0,1.0,0,True,0,False,False,False
2460219712,0.29580196685992105,0.3804445794385269,0.6043693650687701,0.4450459340740828,A,0.7142857142857143,0.8333333333333334,0.7692307692307692,3,True,2,True,True,True
2460219712,0.29580196685992105,0.3804445794385269,0.6043693650687701,0.4450459340740828,B,1.0,0.8333333333333334,0.9090909090909091,1,True,0,False,False,False
2460219712,0.29580196685992105,0.3804445794385269,0.6043693650687701,0.4450459340740828,C,1.0,1.0,1.0,0,True,0,False,False,False
3539061656,0.21207096782773574,0.2912182505883696,0.6544482388909637,0.17058573714497624,A,0.7142857142857143,0.8333333333333334,0.7692307692307692,3,True,2,True,True,True
3539061656,0.21207096782773574,0.2912182505883696,0.6544482388909637,0.17058573714497624,B,1.0,0.8333333333333334,0.9090909090909091,1,True,0,False,False,False
3539061656,0.21207096782773574,0.2912182505883696,0.6544482388909637,0.17058573714497624,C,1.0,1.0,1.0,0,True,0,False,False,False
3319552933,0.28135172640782447,0.3353679749306607,0.6629354121648109,-0.23385394640349616,A,0.7142857142857143,0.8333333333333334,0.7692307692307692,3,True,2,True,True,True
3319552933,0.28135172640782447,0.3353679749306607,0.6629354121648109,-0.23385394640349616,B,1.0,0.8333333333333334,0.9090909090909091,1,True,0,False,False,False
3319552933,0.28135172640782447,0.3353679749306607,0.6629354121648109,-0.23385394640349616,C,1.0,1.0,1.0,0,True,0,False,False,False
1514528177,0.1372315192810419,0.18425881289401053,0.4695658079375875,0.23824565209803558,A,0.7142857142857143,0.8333333333333334,0.7692307692307692,3,True,2,True,True,True
1514528177,0.1372315192810419,0.18425881289401053,0.4695658079375875,0.23824565209803558,B,1.0,0.8333333333333334,0.9090909090909091,1,True,0,False,False,False
1514528177,0.1372315192810419,0.18425881289401053,0.4695658079375875,0.23824565209803558,C,1.0,1.0,1.0,0,True,0,False,False,False
4283532594,0.2459589084448383,0.33601530188370676,0.7410306354689933,0.27489903641393926,A,0.7142857142857143,0.8333333333333334,0.7692307692307692,3,True,2,True,True,True
4283532594,0.2459589084448383,0.33601530188370676,0.7410306354689933,0.27489903641393926,B,1.0,0.8333333333333334,0.9090909090909091,1,True,0,False,False,False
4283532594,0.2459589084448383,0.33601530188370676,0.7410306354689933,0.27489903641393926,C,1.0,1.0,1.0,0,True,0,False,False,False
721159797,0.38910142933097813,0.45921101965193134,0.7401104545562978,0.4048896858108227,A,0.7142857142857143,0.8333333333333334,0.7692307692307692,3,True,2,True,True,True
721159797,0.38910142933097813,0.45921101965193134,0.7401104545562978,0.4048896858108227,B,1.0,0.8333333333333334,0.9090909090909091,1,True,0,False,False,False
721159797,0.38910142933097813,0.45921101965193134,0.7401104545562978,0.4048896858108227,C,1.0,1.0,1.0,0,True,0,False,False,False
3851593515,0.3871761419535161,0.43504949966954665,0.6917116518257674,0.045405681073666625,A,0.7142857142857143,0.8333333333333334,0.7692307692307692,3,True,2,True,True,True
3851593515,0.3871761419535161,0.43504949966954665,0.6917116518257674,0.045405681073666625,B,1.0,0.8333333333333334,0.9090909090909091,1,True,0,False,False,False
3851593515,0.3871761419535161,0.43504949966954665,0.6917116518257674,0.045405681073666625,C,1.0,1.0,1.0,0,True,0,False,False,False
1772736429,0.29248467607422496,0.3715388042105361,0.6323188116155235,0.23327274105303558,A,0.7142857142857143,0.8333333333333334,0.7692307692307692,3,True,2,True,True,True
1772736429,0.29248467607422496,0.3715388042105361,0.6323188116155235,0.23327274105303558,B,1.0,0.8333333333333334,0.9090909090909091,1,True,0,False,False,False
1772736429,0.29248467607422496,0.3715388042105361,0.6323188116155235,0.23327274105303558,C,1.0,1.0,1.0,0,True,0,False,False,False
3760289474,0.2303343539162898,0.34104270868149966,0.618395518126121,0.5981045435165476,A,0.7142857142857143,0.8333333333333334,0.7692307692307692,3,True,2,True,True,True
3760289474,0.2303343539162898,0.34104270868149966,0.618395518126121,0.5981045435165476,B,1.0,0.8333333333333334,0.9090909090909091,1,True,0,False,False,False
3760289474,0.2303343539162898,0.34104270868149966,0.618395518126121,0.5981045435165476,C,1.0,1.0,1.0,0,True,0,False,False,False
726672569,0.2624951993523297,0.3456247391346971,0.6468337610526806,0.23765319176394922,A,0.7142857142857143,0.8333333333333334,0.7692307692307692,3,True,2,True,True,True
726672569,0.2624951993523297,0.3456247391346971,0.6468337610526806,0.23765319176394922,B,1.0,0.8333333333333334,0.9090909090909091,1,True,0,False,False,False
726672569,0.2624951993523297,0.3456247391346971,0.6468337610526806,0.23765319176394922,C,1.0,1.0,1.0,0,True,0,False,False,False
174184280,0.2109238791128391,0.30640324895620297,0.6627930170600327,0.30960827992948065,A,0.7142857142857143,0.8333333333333334,0.7692307692307692,3,True,2,True,True,True
174184280,0.2109238791128391,0.30640324895620297,0.6627930170600327,0.30960827992948065,B,1.0,0.8333333333333334,0.9090909090909091,1,True,0,False,False,False
174184280,0.2109238791128391,0.30640324895620297,0.6627930170600327,0.30960827992948065,C,1.0,1.0,1.0,0,True,0,False,False,False
245634928,0.17667509403205298,0.27451641315184677,0.6068621079361189,0.06676796882412069,A,0.7142857142857143,0.8333333333333334,0.7692307692307692,3,True,2,True,True,True
245634928,0.17667509403205298,0.27451641315184677,0.6068621079361189,0.06676796882412069,B,1.0,0.8333333333333334,0.9090909090909091,1,True,0,False,False,False
245634928,0.17667509403205298,0.27451641315184677,0.6068621079361189,0.06676796882412069,C,1.0,1.0,1.0,0,True,0,False,False,False
392046141,0.21691725155347238,0.2825943113889655,0.6169024651845504,-0.10685069854170107,A,0.7142857142857143,0.8333333333333334,0.7692307692307692,3,True,2,True,True,True
392046141,0.21691725155347238,0.2825943113889655,0.6169024651845504,-0.10685069854170107,B,1.0,0.8333333333333334,0.9090909090909091,1,True,0,False,False,False
392046141,0.21691725155347238,0.2825943113889655,0.6169024651845504,-0.10685069854170107,C,1.0,1.0,1.0,0,True,0,False,False,False
1608763882,0.21303620735186177,0.2888885884689842,0.5078604004937027,0.47103652601905527,A,0.7142857142857143,0.8333333333333334,0.7692307692307692,3,True,2,True,True,True
1608763882,0.21303620735186177,0.2888885884689842,0.5078604004937027,0.47103652601905527,B,1.0,0.8333333333333334,0.9090909090909091,1,True,0,False,False,False
1608763882,0.21303620735186177,0.2888885884689842,0.5078604004937027,0.47103652601905527,C,1.0,1.0,1.0,0,True,0,False,False,False
1532445230,0.24085511170827806,0.31881878232534294,0.5865469992245205,0.3012141989284612,A,0.7142857142857143,0.8333333333333334,0.7692307692307692,3,True,2,True,True,True
1532445230,0.24085511170827806,0.31881878232534294,0.5865469992245205,0.3012141989284612,B,1.0,0.8333333333333334,0.9090909090909091,1,True,0,False,False,False
1532445230,0.24085511170827806,0.31881878232534294,0.5865469992245205,0.3012141989284612,C,1.0,1.0,1.0,0,True,0,False,False,False
106755000,0.2973431611606493,0.37122641915488397,0.6371040213433968,0.1380771951163775,A,0.7142857142857143,0.8333333333333334,0.7692307692307692,3,True,2,True,True,True
106755000,0.2973431611606493,0.37122641915488397,0.6371040213433968,0.1380771951163775,B,1.0,0.8333333333333334,0.9090909090909091,1,True,0,False,False,False
106755000,0.2973431611606493,0.37122641915488397,0.6371040213433968,0.1380771951163775,C,1.0,1.0,1.0,0,True,0,False,False,False
742738854,0.24132908396252872,0.35213341877768267,0.6252947813755211,-0.07952007077312928,A,0.7142857142857143,0.8333333333333334,0.7692307692307692,3,True,2,True,True,True
742738854,0.24132908396252872,0.35213341877768267,0.6252947813755211,-0.07952007077312928,B,1.0,0.8333333333333334,0.9090909090909091,1,True,0,False,False,False
742738854,0.24132908396252872,0.35213341877768267,0.6252947813755211,-0.07952007077312928,C,1.0,1.0,1.0,0,True,0,False,False,False
1127234137,0.1961488548672087,0.25639874693389747,0.520719450836684,0.28217116047059354,A,0.7142857142857143,0.8333333333333334,0.7692307692307692,3,True,2,True,True,True
1127234137,0.1961488548672087,0.25639874693389747,0.520719450836684,0.28217116047059354,B,1.0,0.8333333333333334,0.9090909090909091,1,True,0,False,False,False
1127234137,0.1961488548672087,0.25639874693389747,0.520719450836684,0.28217116047059354,C,1.0,1.0,1.0,0,True,0,False,False,False
965631735,0.15599287303296944,0.2048676282991251,0.515851869807252,0.0032165986676730043,A,0.7142857142857143,0.8333333333333334,0.7692307692307692,3,True,2,True,True,True
965631735,0.15599287303296944,0.2048676282991251,0.515851869807252,0.0032165986676730043,B,1.0,0.8333333333333334,0.9090909090909091,1,True,0,False,False,False
965631735,0.15599287303296944,0.2048676282991251,0.515851869807252,0.0032165986676730043,C,1.0,1.0,1.0,0,True,0,False,False,False
999096377,0.18663644957357975,0.2807390069958435,0.5728529401484709,0.2748763978088975,A,0.7142857142857143,0.8333333333333334,0.7692307692307692,3,True,2,True,True,True
999096377,0.18663644957357975,0.2807390069958435,0.5728529401484709,0.2748763978088975,B,1.0,0.8333333333333334,0.9090909090909091,1,True,0,False,False,False
999096377,0.18663644957357975,0.2807390069958435,0.5728529401484709,0.2748763978088975,C,1.0,1.0,1.0,0,True,0,False,False,False
3648520987,0.18953318279778478,0.27604148389139715,0.6987261934912338,0.18814491221464702,A,0.7142857142857143,0.8333333333333334,0.7692307692307692,3,True,2,True,True,True
3648520987,0.18953318279778478,0.27604148389139715,0.6987261934912338,0.18814491221464702,B,1.0,0.8333333333333334,0.9090909090909091,1,True,0,False,False,False
3648520987,0.18953318279778478,0.27604148389139715,0.6987261934912338,0.18814491221464702,C,1.0,1.0,1.0,0,True,0,False,False,False
2608829686,0.15465472559345833,0.22601506867675825,0.5481327382444414,0.29764535447671325,A,0.7142857142857143,0.8333333333333334,0.7692307692307692,3,True,2,True,True,True
2608829686,0.15465472559345833,0.22601506867675825,0.5481327382444414,0.29764535447671325,B,1.0,0.8333333333333334,0.9090909090909091,1,True,0,False,False,False
2608829686,0.15465472559345833,0.22601506867675825,0.5481327382444414,0.29764535447671325,C,1.0,1.0,1.0,0,True,0,False,False,False
2144970848,0.2521397894484244,0.3341077808701731,0.6486126090570403,0.5004021494948347,A,0.7142857142857143,0.8333333333333334,0.7692307692307692,3,True,2,True,True,True
2144970848,0.2521397894484244,0.3341077808701731,0.6486126090570403,0.5004021494948347,B,1.0,0.8333333333333334,0.9090909090909091,1,True,0,False,False,False
2144970848,0.2521397894484244,0.3341077808701731,0.6486126090570403,0.5004021494948347,C,1.0,1.0,1.0,0,True,0,False,False,False
1694822592,0.22997012819910123,0.30536758054542934,0.6544600626893509,0.1668369809015896,A,0.7142857142857143,0.8333333333333334,0.7692307692307692,3,True,2,True,True,True
1694822592,0.22997012819910123,0.30536758054542934,0.6544600626893509,0.1668369809015896,B,1.0,0.8333333333333334,0.9090909090909091,1,True,0,False,False,False
1694822592,0.22997012819910123,0.30536758054542934,0.6544600626893509,0.1668369809015896,C,1.0,1.0,1.0,0,True,0,False,False,False
2317579968,0.30576247998409317,0.37409170048725454,0.6558130549519592,0.19482992044012817,A,0.7142857142857143,0.8333333333333334,0.7692307692307692,3,True,2,True,True,True
2317579968,0.30576247998409317,0.37409170048725454,0.6558130549519592,0.19482992044012817,B,1.0,0.8333333333333334,0.9090909090909091,1,True,0,False,False,False
2317579968,0.30576247998409317,0.37409170048725454,0.6558130549519592,0.19482992044012817,C,1.0,1.0,1.0,0,True,0,False,False,False
2910250911,0.39350373369098096,0.5157160365219022,0.8477826337486937,0.46432641220106635,A,0.7142857142857143,0.8333333333333334,0.7692307692307692,3,True,2,True,True,True
2910250911,0.39350373369098096,0.5157160365219022,0.8477826337486937,0.46432641220106635,B,1.0,0.8333333333333334,0.9090909090909091,1,True,0,False,False,False
2910250911,0.39350373369098096,0.5157160365219022,0.8477826337486937,0.46432641220106635,C,1.0,1.0,1.0,0,True,0,False,False,False
3059481698,0.3039838696521049,0.39507216866260175,0.6626536900765133,-0.11688262540877702,A,0.7142857142857143,0.8333333333333334,0.7692307692307692,3,True,2,True,True,True
3059481698,0.3039838696521049,0.39507216866260175,0.6626536900765133,-0.11688262540877702,B,1.0,0.8333333333333334,0.9090909090909091,1,True,0,False,False,False
3059481698,0.3039838696521049,0.39507216866260175,0.6626536900765133,-0.11688262540877702,C,1.0,1.0,1.0,0,True,0,False,False,False
1534895080,0.24863111180685235,0.32760713376729705,0.5690789551860277,0.1756475939139951,A,0.7142857142857143,0.8333333333333334,0.7692307692307692,3,True,2,True,True,True
1534895080,0.24863111180685235,0.32760713376729705,0.5690789551860277,0.1756475939139951,B,1.0,0.8333333333333334,0.9090909090909091,1,True,0,False,False,False
1534895080,0.24863111180685235,0.32760713376729705,0.5690789551860277,0.1756475939139951,C,1.0,1.0,1.0,0,True,0,False,False,False
3351205596,0.21245648886905466,0.28368536259683985,0.6058540625329464,0.24419057890988974,A,0.7142857142857143,0.8333333333333334,0.7692307692307692,3,True,2,True,True,True
3351205596,0.21245648886905466,0.28368536259683985,0.6058540625329464,0.24419057890988974,B,1.0,0.8333333333333334,0.9090909090909091,1,True,0,False,False,False
3351205596,0.21245648886905466,0.28368536259683985,0.6058540625329464,0.24419057890988974,C,1.0,1.0,1.0,0,True,0,False,False,False
316951533,0.2851831478783615,0.3585400386721639,0.6566315140740283,0.24117309371537518,A,0.7142857142857143,0.8333333333333334,0.7692307692307692,3,True,2,True,True,True
316951533,0.2851831478783615,0.3585400386721639,0.6566315140740283,0.24117309371537518,B,1.0,0.8333333333333334,0.9090909090909091,1,True,0,False,False,False
316951533,0.2851831478783615,0.3585400386721639,0.6566315140740283,0.24117309371537518,C,1.0,1.0,1.0,0,True,0,False,False,False
2459991257,0.31118782067217793,0.37075138108787586,0.6993297443946321,0.2306025351057197,A,0.7142857142857143,0.8333333333333334,0.7692307692307692,3,True,2,True,True,True
2459991257,0.31118782067217793,0.37075138108787586,0.6993297443946321,0.2306025351057197,B,1.0,0.8333333333333334,0.9090909090909091,1,True,0,False,False,False
2459991257,0.31118782067217793,0.37075138108787586,0.6993297443946321,0.2306025351057197,C,1.0,1.0,1.0,0,True,0,False,False,False
2611293953,0.12700127784511692,0.21580321127037855,0.5184200755826622,0.354018705946201,A,0.7142857142857143,0.8333333333333334,0.7692307692307692,3,True,2,True,True,True
2611293953,0.12700127784511692,0.21580321127037855,0.5184200755826622,0.354018705946201,B,1.0,0.8333333333333334,0.9090909090909091,1,True,0,False,False,False
2611293953,0.12700127784511692,0.21580321127037855,0.5184200755826622,0.354018705946201,C,1.0,1.0,1.0,0,True,0,False,False,False
744614786,0.26122065180322546,0.3418874488866291,0.604909707780379,0.09973579745672445,A,0.7142857142857143,0.8333333333333334,0.7692307692307692,3,True,2,True,True,True
744614786,0.26122065180322546,0.3418874488866291,0.604909707780379,0.09973579745672445,B,1.0,0.8333333333333334,0.9090909090909091,1,True,0,False,False,False
744614786,0.26122065180322546,0.3418874488866291,0.604909707780379,0.09973579745672445,C,1.0,1.0,1.0,0,True,0,False,False,False
3567993026,0.27152324135551026,0.3207781541036896,0.7056193388591698,0.44152321849150805,A,0.7142857142857143,0.8333333333333334,0.7692307692307692,3,True,2,True,True,True
3567993026,0.27152324135551026,0.3207781541036896,0.7056193388591698,0.44152321849150805,B,1.0,0.8333333333333334,0.9090909090909091,1,True,0,False,False,False
3567993026,0.27152324135551026,0.3207781541036896,0.7056193388591698,0.44152321849150805,C,1.0,1.0,1.0,0,True,0,False,False,False
1721922267,0.1948776853268647,0.2863987627259447,0.6328490526944223,0.003829621160980179,A,0.7142857142857143,0.8333333333333334,0.7692307692307692,3,True,2,True,True,True
1721922267,0.1948776853268647,0.2863987627259447,0.6328490526944223,0.003829621160980179,B,1.0,0.8333333333333334,0.9090909090909091,1,True,0,False,False,False
1721922267,0.1948776853268647,0.2863987627259447,0.6328490526944223,0.003829621160980179,C,1.0,1.0,1.0,0,True,0,False,False,False
866297302,0.14475552937576056,0.19743118782867555,0.55462480437104,0.014954667902027952,A,0.7142857142857143,0.8333333333333334,0.7692307692307692,3,True,2,True,True,True
866297302,0.14475552937576056,0.19743118782867555,0.55462480437104,0.014954667902027952,B,1.0,0.8333333333333334,0.9090909090909091,1,True,0,False,False,False
866297302,0.14475552937576056,0.19743118782867555,0.55462480437104,0.014954667902027952,C,1.0,1.0,1.0,0,True,0,False,False,False
1974002635,0.2938718205607565,0.36580989324652957,0.6629900806088483,0.39625745295443354,A,0.7142857142857143,0.8333333333333334,0.7692307692307692,3,True,2,True,True,True
1974002635,0.2938718205607565,0.36580989324652957,0.6629900806088483,0.39625745295443354,B,1.0,0.8333333333333334,0.9090909090909091,1,True,0,False,False,False
1974002635,0.2938718205607565,0.36580989324652957,0.6629900806088483,0.39625745295443354,C,1.0,1.0,1.0,0,True,0,False,False,False
363721252,0.1877457571702714,0.23713251685932502,0.5915227863709608,0.05223149061813691,A,0.7142857142857143,0.8333333333333334,0.7692307692307692,3,True,2,True,True,True
363721252,0.1877457571702714,0.23713251685932502,0.5915227863709608,0.05223149061813691,B,1.0,0.8333333333333334,0.9090909090909091,1,True,0,False,False,False
363721252,0.1877457571702714,0.23713251685932502,0.5915227863709608,0.05223149061813691,C,1.0,1.0,1.0,0,True,0,False,False,False
3344879591,0.1746339121048727,0.24064485662100601,0.4892017604122405,0.3797526564293698,A,0.7142857142857143,0.8333333333333334,0.7692307692307692,3,True,2,True,True,True
3344879591,0.1746339121048727,0.24064485662100601,0.4892017604122405,0.3797526564293698,B,1.0,0.8333333333333334,0.9090909090909091,1,True,0,False,False,False
3344879591,0.1746339121048727,0.24064485662100601,0.4892017604122405,0.3797526564293698,C,1.0,1.0,1.0,0,True,0,False,False,False
3531690501,0.29348877840538595,0.4372321857714229,0.6944564856031071,0.15992450411181744,A,0.7142857142857143,0.8333333333333334,0.7692307692307692,3,True,2,True,True,True
3531690501,0.29348877840538595,0.4372321857714229,0.6944564856031071,0.15992450411181744,B,1.0,0.8333333333333334,0.9090909090909091,1,True,0,False,False,False
3531690501,0.29348877840538595,0.4372321857714229,0.6944564856031071,0.15992450411181744,C,1.0,1.0,1.0,0,True,0,False,False,False
621436393,0.22040361167755496,0.2968211126899225,0.519987586357706,0.12439612333872455,A,0.7142857142857143,0.8333333333333334,0.7692307692307692,3,True,2,True,True,True
621436393,0.22040361167755496,0.2968211126899225,0.519987586357706,0.12439612333872455,B,1.0,0.8333333333333334,0.9090909090909091,1,True,0,False,False,False
621436393,0.22040361167755496,0.2968211126899225,0.519987586357706,0.12439612333872455,C,1.0,1.0,1.0,0,True,0,False,False,False
2062689307,0.17636246383491339,0.24797310411737675,0.5894473654979296,0.34005121121934073,A,0.7142857142857143,0.8333333333333334,0.7692307692307692,3,True,2,True,True,True
2062689307,0.17636246383491339,0.24797310411737675,0.5894473654979296,0.34005121121934073,B,1.0,0.8333333333333334,0.9090909090909091,1,True,0,False,False,False
2062689307,0.17636246383491339,0.24797310411737675,0.5894473654979296,0.34005121121934073,C,1.0,1.0,1.0,0,True,0,False,False,False
3240941077,0.280973467776558,0.3563968148073027,0.6936696468549486,0.4038497664374947,A,0.7142857142857143,0.8333333333333334,0.7692307692307692,3,True,2,True,True,True
3240941077,0.280973467776558,0.3563968148073027,0.6936696468549486,0.4038497664374947,B,1.0,0.8333333333333334,0.9090909090909091,1,True,0,False,False,False
3240941077,0.280973467776558,0.3563968148073027,0.6936696468549486,0.4038497664374947,C,1.0,1.0,1.0,0,True,0,False,False,False
1917894148,0.19780882256206012,0.27021642586702666,0.5796249781796496,-0.0332732213619307,A,0.7142857142857143,0.8333333333333334,0.7692307692307692,3,True,2,True,True,True
1917894148,0.19780882256206012,0.27021642586702666,0.5796249781796496,-0.0332732213619307,B,1.0,0.8333333333333334,0.9090909090909091,1,True,0,False,False,False
1917894148,0.19780882256206012,0.27021642586702666,0.5796249781796496,-0.0332732213619307,C,1.0,1.0,1.0,0,True,0,False,False,False
1184141815,0.3299928700307685,0.40999334965489287,0.7444624004640349,0.0500770963852004,A,0.7142857142857143,0.8333333333333334,0.7692307692307692,3,True,2,True,True,True
1184141815,0.3299928700307685,0.40999334965489287,0.7444624004640349,0.0500770963852004,B,1.0,0.8333333333333334,0.9090909090909091,1,True,0,False,False,False
1184141815,0.3299928700307685,0.40999334965489287,0.7444624004640349,0.0500770963852004,C,1.0,1.0,1.0,0,True,0,False,False,False
1163326559,0.1835273555945886,0.24729586252470423,0.5567582116868147,0.08969237317736714,A,0.7142857142857143,0.8333333333333334,0.7692307692307692,3,True,2,True,True,True
1163326559,0.1835273555945886,0.24729586252470423,0.5567582116868147,0.08969237317736714,B,1.0,0.8333333333333334,0.9090909090909091,1,True,0,False,False,False
1163326559,0.1835273555945886,0.24729586252470423,0.5567582116868147,0.08969237317736714,C,1.0,1.0,1.0,0,True,0,False,False,False
2694047722,0.20036695789458597,0.28100340198375157,0.609123793684858,0.17188910236897897,A,0.7142857142857143,0.8333333333333334,0.7692307692307692,3,True,2,True,True,True
2694047722,0.20036695789458597,0.28100340198375157,0.609123793684858,0.17188910236897897,B,1.0,0.8333333333333334,0.9090909090909091,1,True,0,False,False,False
2694047722,0.20036695789458597,0.28100340198375157,0.609123793684858,0.17188910236897897,C,1.0,1.0,1.0,0,True,0,False,False,False
3752645576,0.31676910071138653,0.37689249005064435,0.7227789447521163,0.4060995896097275,A,0.7142857142857143,0.8333333333333334,0.7692307692307692,3,True,2,True,True,True
3752645576,0.31676910071138653,0.37689249005064435,0.7227789447521163,0.4060995896097275,B,1.0,0.8333333333333334,0.9090909090909091,1,True,0,False,False,False
3752645576,0.31676910071138653,0.37689249005064435,0.7227789447521163,0.4060995896097275,C,1.0,1.0,1.0,0,True,0,False,False,False
2484164594,0.26999511469217596,0.3033498495227166,0.6585958753034272,0.5492692334724786,A,0.7142857142857143,0.8333333333333334,0.7692307692307692,3,True,2,True,True,True
2484164594,0.26999511469217596,0.3033498495227166,0.6585958753034272,0.5492692334724786,B,1.0,0.8333333333333334,0.9090909090909091,1,True,0,False,False,False
2484164594,0.26999511469217596,0.3033498495227166,0.6585958753034272,0.5492692334724786,C,1.0,1.0,1.0,0,True,0,False,False,False
3010089731,0.25586547486522293,0.37374337477512665,0.6275600305862884,0.31398605405117913,A,0.7142857142857143,0.8333333333333334,0.7692307692307692,3,True,2,True,True,True
3010089731,0.25586547486522293,0.37374337477512665,0.6275600305862884,0.31398605405117913,B,1.0,0.8333333333333334,0.9090909090909091,1,True,0,False,False,False
3010089731,0.25586547486522293,0.37374337477512665,0.6275600305862884,0.31398605405117913,C,1.0,1.0,1.0,0,True,0,False,False,False
3997272888,0.19234016025600478,0.2847979333857801,0.6316369142868014,0.3555675878420964,A,0.7142857142857143,0.8333333333333334,0.7692307692307692,3,True,2,True,True,True
3997272888,0.19234016025600478,0.2847979333857801,0.6316369142868014,0.3555675878420964,B,1.0,0.8333333333333334,0.9090909090909091,1,True,0,False,False,False
3997272888,0.19234016025600478,0.2847979333857801,0.6316369142868014,0.3555675878420964,C,1.0,1.0,1.0,0,True,0,False,False,False
1852763226,0.26089841109203116,0.3807389323672956,0.568413434374306,-0.2334345281525002,A,0.7142857142857143,0.8333333333333334,0.7692307692307692,3,True,2,True,True,True
1852763226,0.26089841109203116,0.3807389323672956,0.568413434374306,-0.2334345281525002,B,1.0,0.8333333333333334,0.9090909090909091,1,True,0,False,False,False
1852763226,0.26089841109203116,0.3807389323672956,0.568413434374306,-0.2334345281525002,C,1.0,1.0,1.0,0,True,0,False,False,False
1070961078,0.14764059161179469,0.26169472939426836,0.6156774471102946,-0.028156419462594,A,0.7142857142857143,0.8333333333333334,0.7692307692307692,3,True,2,True,True,True
1070961078,0.14764059161179469,0.26169472939426836,0.6156774471102946,-0.028156419462594,B,1.0,0.8333333333333334,0.9090909090909091,1,True,0,False,False,False
1070961078,0.14764059161179469,0.26169472939426836,0.6156774471102946,-0.028156419462594,C,1.0,1.0,1.0,0,True,0,False,False,False
680092160,0.22998964225628182,0.2791535373884478,0.6291734436999658,-0.10962887035129036,A,0.7142857142857143,0.8333333333333334,0.7692307692307692,3,True,2,True,True,True
680092160,0.22998964225628182,0.2791535373884478,0.6291734436999658,-0.10962887035129036,B,1.0,0.8333333333333334,0.9090909090909091,1,True,0,False,False,False
680092160,0.22998964225628182,0.2791535373884478,0.6291734436999658,-0.10962887035129036,C,1.0,1.0,1.0,0,True,0,False,False,False
3397572411,0.16704396296308902,0.22854950476162753,0.5455832628900982,0.18627143291987283,A,0.7142857142857143,0.8333333333333334,0.7692307692307692,3,True,2,True,True,True
3397572411,0.16704396296308902,0.22854950476162753,0.5455832628900982,0.18627143291987283,B,1.0,0.8333333333333334,0.9090909090909091,1,True,0,False,False,False
3397572411,0.16704396296308902,0.22854950476162753,0.5455832628900982,0.18627143291987283,C,1.0,1.0,1.0,0,True,0,False,False,False
452070070,0.24690337624067643,0.32989587860514924,0.6314851154967847,-0.00663814001085464,A,0.7142857142857143,0.8333333333333334,0.7692307692307692,3,True,2,True,True,True
452070070,0.24690337624067643,0.32989587860514924,0.6314851154967847,-0.00663814001085464,B,1.0,0.8333333333333334,0.9090909090909091,1,True,0,False,False,False
452070070,0.24690337624067643,0.32989587860514924,0.6314851154967847,-0.00663814001085464,C,1.0,1.0,1.0,0,True,0,False,False,False
1690876971,0.36554677186384443,0.4680875214222474,0.6851878731303882,0.08950885651451752,A,0.7142857142857143,0.8333333333333334,0.7692307692307692,3,True,2,True,True,True
1690876971,0.36554677186384443,0.4680875214222474,0.6851878731303882,0.08950885651451752,B,1.0,0.8333333333333334,0.9090909090909091,1,True,0,False,False,False
1690876971,0.36554677186384443,0.4680875214222474,0.6851878731303882,0.08950885651451752,C,1.0,1.0,1.0,0,True,0,False,False,False
1168071798,0.2441685084156906,0.32842000899583496,0.6430706647588432,0.018807029383306476,A,0.7142857142857143,0.8333333333333334,0.7692307692307692,3,True,2,True,True,True
1168071798,0.2441685084156906,0.32842000899583496,0.6430706647588432,0.018807029383306476,B,1.0,0.8333333333333334,0.9090909090909091,1,True,0,False,False,False
1168071798,0.2441685084156906,0.32842000899583496,0.6430706647588432,0.018807029383306476,C,1.0,1.0,1.0,0,True,0,False,False,False
623709460,0.2078398470017898,0.27792989654025196,0.5945523201892465,-0.29649748966494943,A,0.7142857142857143,0.8333333333333334,0.7692307692307692,3,True,2,True,True,True
623709460,0.2078398470017898,0.27792989654025196,0.5945523201892465,-0.29649748966494943,B,1.0,0.8333333333333334,0.9090909090909091,1,True,0,False,False,False
623709460,0.2078398470017898,0.27792989654025196,0.5945523201892465,-0.29649748966494943,C,1.0,1.0,1.0,0,True,0,False,False,False
1676064498,0.25469903333537175,0.324849500215736,0.6267559186433134,-0.01070947385864386,A,0.7142857142857143,0.8333333333333334,0.7692307692307692,3,True,2,True,True,True
1676064498,0.25469903333537175,0.324849500215736,0.6267559186433134,-0.01070947385864386,B,1.0,0.8333333333333334,0.9090909090909091,1,True,0,False,False,False
1676064498,0.25469903333537175,0.324849500215736,0.6267559186433134,-0.01070947385864386,C,1.0,1.0,1.0,0,True,0,False,False,False
2321914118,0.2574416113218073,0.3403963178120315,0.6610116789251916,0.3007297680346445,A,0.7142857142857143,0.8333333333333334,0.7692307692307692,3,True,2,True,True,True
2321914118,0.2574416113218073,0.3403963178120315,0.6610116789251916,0.3007297680346445,B,1.0,0.8333333333333334,0.9090909090909091,1,True,0,False,False,False
2321914118,0.2574416113218073,0.3403963178120315,0.6610116789251916,0.3007297680346445,C,1.0,1.0,1.0,0,True,0,False,False,False
3402120897,0.16278194650120692,0.26008750025358435,0.5584858349549569,0.23817251382273924,A,0.7142857142857143,0.8333333333333334,0.7692307692307692,3,True,2,True,True,True
3402120897,0.16278194650120692,0.26008750025358435,0.5584858349549569,0.23817251382273924,B,1.0,0.8333333333333334,0.9090909090909091,1,True,0,False,False,False
3402120897,0.16278194650120692,0.26008750025358435,0.5584858349549569,0.23817251382273924,C,1.0,1.0,1.0,0,True,0,False,False,False
2243893702,0.2576837644933804,0.3634200139523569,0.7472322657108319,0.1892596592672414,A,0.7142857142857143,0.8333333333333334,0.7692307692307692,3,True,2,True,True,True
2243893702,0.2576837644933804,0.3634200139523569,0.7472322657108319,0.1892596592672414,B,1.0,0.8333333333333334,0.9090909090909091,1,True,0,False,False,False
2243893702,0.2576837644933804,0.3634200139523569,0.7472322657108319,0.1892596592672414,C,1.0,1.0,1.0,0,True,0,False,False,False
729789019,0.42690878991657744,0.50102653380883,0.7053731275017918,0.5301388099520024,A,0.7142857142857143,0.8333333333333334,0.7692307692307692,3,True,2,True,True,True
729789019,0.42690878991657744,0.50102653380883,0.7053731275017918,0.5301388099520024,B,1.0,0.8333333333333334,0.9090909090909091,1,True,0,False,False,False
729789019,0.42690878991657744,0.50102653380883,0.7053731275017918,0.5301388099520024,C,1.0,1.0,1.0,0,True,0,False,False,False
529888886,0.2475906445631984,0.37276109961829124,0.7427362146542147,0.31701773306038267,A,0.7142857142857143,0.8333333333333334,0.7692307692307692,3,True,2,True,True,True
529888886,0.2475906445631984,0.37276109961829124,0.7427362146542147,0.31701773306038267,B,1.0,0.8333333333333334,0.9090909090909091,1,True,0,False,False,False
529888886,0.2475906445631984,0.37276109961829124,0.7427362146542147,0.31701773306038267,C,1.0,1.0,1.0,0,True,0,False,False,False
1346054994,0.1760871394294245,0.2700396137639564,0.514126189301825,0.32967326180593315,A,0.7142857142857143,0.8333333333333334,0.7692307692307692,3,True,2,True,True,True
1346054994,0.1760871394294245,0.2700396137639564,0.514126189301825,0.32967326180593315,B,1.0,0.8333333333333334,0.9090909090909091,1,True,0,False,False,False
1346054994,0.1760871394294245,0.2700396137639564,0.514126189301825,0.32967326180593315,C,1.0,1.0,1.0,0,True,0,False,False,False
941050478,0.21211562369784281,0.31367603779394876,0.6685886053348048,0.3324027885818704,A,0.7142857142857143,0.8333333333333334,0.7692307692307692,3,True,2,True,True,True
941050478,0.21211562369784281,0.31367603779394876,0.6685886053348048,0.3324027885818704,B,1.0,0.8333333333333334,0.9090909090909091,1,True,0,False,False,False
941050478,0.21211562369784281,0.31367603779394876,0.6685886053348048,0.3324027885818704,C,1.0,1.0,1.0,0,True,0,False,False,False
4277316614,0.289696104281847,0.40731813149816054,0.6658655048662079,0.1435659125490582,A,0.7142857142857143,0.8333333333333334,0.7692307692307692,3,True,2,True,True,True
4277316614,0.289696104281847,0.40731813149816054,0.6658655048662079,0.1435659125490582,B,1.0,0.8333333333333334,0.9090909090909091,1,True,0,False,False,False
4277316614,0.289696104281847,0.40731813149816054,0.6658655048662079,0.1435659125490582,C,1.0,1.0,1.0,0,True,0,False,False,False
1697323336,0.2938987555667907,0.39805991149260195,0.7431345179495267,0.35021839211917777,A,0.7142857142857143,0.8333333333333334,0.7692307692307692,3,True,2,True,True,True
1697323336,0.2938987555667907,0.39805991149260195,0.7431345179495267,0.35021839211917777,B,1.0,0.8333333333333334,0.9090909090909091,1,True,0,False,False,False
1697323336,0.2938987555667907,0.39805991149260195,0.7431345179495267,0.35021839211917777,C,1.0,1.0,1.0,0,True,0,False,False,False
178898976,0.18574538089329426,0.23666579962630926,0.5091592218729241,0.26681902039690164,A,0.7142857142857143,0.8333333333333334,0.7692307692307692,3,True,2,True,True,True
178898976,0.18574538089329426,0.23666579962630926,0.5091592218729241,0.26681902039690164,B,1.0,0.8333333333333334,0.9090909090909091,1,True,0,False,False,False
178898976,0.18574538089329426,0.23666579962630926,0.5091592218729241,0.26681902039690164,C,1.0,1.0,1.0,0,True,0,False,False,False
2710516534,0.23337335115039076,0.2890292034446121,0.613444587615946,0.17641529440421055,A,0.7142857142857143,0.8333333333333334,0.7692307692307692,3,True,2,True,True,True
2710516534,0.23337335115039076,0.2890292034446121,0.613444587615946,0.17641529440421055,B,1.0,0.8333333333333334,0.9090909090909091,1,True,0,False,False,False
2710516534,0.23337335115039076,0.2890292034446121,0.613444587615946,0.17641529440421055,C,1.0,1.0,1.0,0,True,0,False,False,False
3648224375,0.26086429094933544,0.3522156739925263,0.6566518113850615,0.026720738253691898,A,0.7142857142857143,0.8333333333333334,0.7692307692307692,3,True,2,True,True,True
3648224375,0.26086429094933544,0.3522156739925263,0.6566518113850615,0.026720738253691898,B,1.0,0.8333333333333334,0.9090909090909091,1,True,0,False,False,False
3648224375,0.26086429094933544,0.3522156739925263,0.6566518113850615,0.026720738253691898,C,1.0,1.0,1.0,0,True,0,False,False,False
2042965286,0.25413137100480465,0.3374448506550604,0.7574215832520422,-0.006621590449342859,A,0.7142857142857143,0.8333333333333334,0.7692307692307692,3,True,2,True,True,True
2042965286,0.25413137100480465,0.3374448506550604,0.7574215832520422,-0.006621590449342859,B,1.0,0.8333333333333334,0.9090909090909091,1,True,0,False,False,False
2042965286,0.25413137100480465,0.3374448506550604,0.7574215832520422,-0.006621590449342859,C,1.0,1.0,1.0,0,True,0,False,False,False
1372309538,0.2508953081732944,0.3315954277126038,0.681746743160649,0.36755296915284175,A,0.7142857142857143,0.8333333333333334,0.7692307692307692,3,True,2,True,True,True
1372309538,0.2508953081732944,0.3315954277126038,0.681746743160649,0.36755296915284175,B,1.0,0.8333333333333334,0.9090909090909091,1,True,0,False,False,False
1372309538,0.2508953081732944,0.3315954277126038,0.681746743160649,0.36755296915284175,C,1.0,1.0,1.0,0,True,0,False,False,False
2098931746,0.17105729320551122,0.2528044861197374,0.7040550908379662,0.35964567014777366,A,0.7142857142857143,0.8333333333333334,0.7692307692307692,3,True,2,True,True,True
2098931746,0.17105729320551122,0.2528044861197374,0.7040550908379662,0.35964567014777366,B,1.0,0.8333333333333334,0.9090909090909091,1,True,0,False,False,False
2098931746,0.17105729320551122,0.2528044861197374,0.7040550908379662,0.35964567014777366,C,1.0,1.0,1.0,0,True,0,False,False,False
2960685228,0.32034125888429454,0.3479463772801676,0.6498068664869477,0.16918799001495713,A,0.7142857142857143,0.8333333333333334,0.7692307692307692,3,True,2,True,True,True
2960685228,0.32034125888429454,0.3479463772801676,0.6498068664869477,0.16918799001495713,B,1.0,0.8333333333333334,0.9090909090909091,1,True,0,False,False,False
2960685228,0.32034125888429454,0.3479463772801676,0.6498068664869477,0.16918799001495713,C,1.0,1.0,1.0,0,True,0,False,False,False
657347661,0.2415714331353632,0.28904643836881333,0.6187566750954584,0.27707225490589293,A,0.7142857142857143,0.8333333333333334,0.7692307692307692,3,True,2,True,True,True
657347661,0.2415714331353632,0.28904643836881333,0.6187566750954584,0.27707225490589293,B,1.0,0.8333333333333334,0.9090909090909091,1,True,0,False,False,False
657347661,0.2415714331353632,0.28904643836881333,0.6187566750954584,0.27707225490589293,C,1.0,1.0,1.0,0,True,0,False,False,False
857055004,0.315621935736381,0.36357988594904767,0.5146494700201917,0.1497577084434838,A,0.7142857142857143,0.8333333333333334,0.7692307692307692,3,True,2,True,True,True
857055004,0.315621935736381,0.36357988594904767,0.5146494700201917,0.1497577084434838,B,1.0,0.8333333333333334,0.9090909090909091,1,True,0,False,False,False
857055004,0.315621935736381,0.36357988594904767,0.5146494700201917,0.1497577084434838,C,1.0,1.0,1.0,0,True,0,False,False,False
3058064191,0.3666670994641484,0.47544310454371275,0.8606972732926059,0.5972218687608247,A,0.7142857142857143,0.8333333333333334,0.7692307692307692,3,True,2,True,True,True
3058064191,0.3666670994641484,0.47544310454371275,0.8606972732926059,0.5972218687608247,B,1.0,0.8333333333333334,0.9090909090909091,1,True,0,False,False,False
3058064191,0.3666670994641484,0.47544310454371275,0.8606972732926059,0.5972218687608247,C,1.0,1.0,1.0,0,True,0,False,False,False
1322933822,0.09746063913319766,0.1660793504003122,0.4538081983256504,0.08035866612572934,A,0.7142857142857143,0.8333333333333334,0.7692307692307692,3,True,2,True,True,True
1322933822,0.09746063913319766,0.1660793504003122,0.4538081983256504,0.08035866612572934,B,1.0,0.8333333333333334,0.9090909090909091,1,True,0,False,False,False
1322933822,0.09746063913319766,0.1660793504003122,0.4538081983256504,0.08035866612572934,C,1.0,1.0,1.0,0,True,0,False,False,False
1484493208,0.2758787601227194,0.32779684726369795,0.6316517366321928,0.3966075834188793,A,0.7142857142857143,0.8333333333333334,0.7692307692307692,3,True,2,True,True,True
1484493208,0.2758787601227194,0.32779684726369795,0.6316517366321928,0.3966075834188793,B,1.0,0.8333333333333334,0.9090909090909091,1,True,0,False,False,False
1484493208,0.2758787601227194,0.32779684726369795,0.6316517366321928,0.3966075834188793,C,1.0,1.0,1.0,0,True,0,False,False,False
1262260309,0.16498699261880642,0.2274483301165577,0.5879057890190629,-0.18753015801378903,A,0.7142857142857143,0.8333333333333334,0.7692307692307692,3,True,2,True,True,True
1262260309,0.16498699261880642,0.2274483301165577,0.5879057890190629,-0.18753015801378903,B,1.0,0.8333333333333334,0.9090909090909091,1,True,0,False,False,False
1262260309,0.16498699261880642,0.2274483301165577,0.5879057890190629,-0.18753015801378903,C,1.0,1.0,1.0,0,True,0,False,False,False
3884931318,0.16816384392286943,0.2594932093667354,0.65975764565376,0.014002755314736265,A,0.7142857142857143,0.8333333333333334,0.7692307692307692,3,True,2,True,True,True
3884931318,0.16816384392286943,0.2594932093667354,0.65975764565376,0.014002755314736265,B,1.0,0.8333333333333334,0.9090909090909091,1,True,0,False,False,False
3884931318,0.16816384392286943,0.2594932093667354,0.65975764565376,0.014002755314736265,C,1.0,1.0,1.0,0,True,0,False,False,False
206328568,0.23572218246616908,0.28557402401309073,0.5538306237569681,0.018912417370530843,A,0.7142857142857143,0.8333333333333334,0.7692307692307692,3,True,2,True,True,True
206328568,0.23572218246616908,0.28557402401309073,0.5538306237569681,0.018912417370530843,B,1.0,0.8333333333333334,0.9090909090909091,1,True,0,False,False,False
206328568,0.23572218246616908,0.28557402401309073,0.5538306237569681,0.018912417370530843,C,1.0,1.0,1.0,0,True,0,False,False,False
2716113287,0.2136615071947302,0.27049350835896263,0.5135360903059167,0.005854923586774037,A,0.7142857142857143,0.8333333333333334,0.7692307692307692,3,True,2,True,True,True
2716113287,0.2136615071947302,0.27049350835896263,0.5135360903059167,0.005854923586774037,B,1.0,0.8333333333333334,0.9090909090909091,1,True,0,False,False,False
2716113287,0.2136615071947302,0.27049350835896263,0.5135360903059167,0.005854923586774037,C,1.0,1.0,1.0,0,True,0,False,False,False
2384079763,0.23249250622997727,0.30491806157197415,0.5821040550925389,0.4376276947651428,A,0.7142857142857143,0.8333333333333334,0.7692307692307692,3,True,2,True,True,True
2384079763,0.23249250622997727,0.30491806157197415,0.5821040550925389,0.4376276947651428,B,1.0,0.8333333333333334,0.9090909090909091,1,True,0,False,False,False
2384079763,0.23249250622997727,0.30491806157197415,0.5821040550925389,0.4376276947651428,C,1.0,1.0,1.0,0,True,0,False,False,False
1315218909,0.4025427394501312,0.45532054200591254,0.7668419148029632,0.45369119922642154,A,0.7142857142857143,0.8333333333333334,0.7692307692307692,3,True,2,True,True,True
1315218909,0.4025427394501312,0.45532054200591254,0.7668419148029632,0.45369119922642154,B,1.0,0.8333333333333334,0.9090909090909091,1,True,0,False,False,False
1315218909,0.4025427394501312,0.45532054200591254,0.7668419148029632,0.45369119922642154,C,1.0,1.0,1.0,0,True,0,False,False,False
2408332104,0.18212467377105837,0.2669323010839552,0.5148445752528888,-0.010953570480349461,A,0.7142857142857143,0.8333333333333334,0.7692307692307692,3,True,2,True,True,True
2408332104,0.18212467377105837,0.2669323010839552,0.5148445752528888,-0.010953570480349461,B,1.0,0.8333333333333334,0.9090909090909091,1,True,0,False,False,False
2408332104,0.18212467377105837,0.2669323010839552,0.5148445752528888,-0.010953570480349461,C,1.0,1.0,1.0,0,True,0,False,False,False
3073084872,0.14000809750205154,0.20584225537346268,0.6104760074633431,0.12582551367904912,A,0.7142857142857143,0.8333333333333334,0.7692307692307692,3,True,2,True,True,True
3073084872,0.14000809750205154,0.20584225537346268,0.6104760074633431,0.12582551367904912,B,1.0,0.8333333333333334,0.9090909090909091,1,True,0,False,False,False
3073084872,0.14000809750205154,0.20584225537346268,0.6104760074633431,0.12582551367904912,C,1.0,1.0,1.0,0,True,0,False,False,False
1681961129,0.213651560209258,0.3086941563163437,0.614083621638116,-0.005030127810695766,A,0.7142857142857143,0.8333333333333334,0.7692307692307692,3,True,2,True,True,True
1681961129,0.213651560209258,0.3086941563163437,0.614083621638116,-0.005030127810695766,B,1.0,0.8333333333333334,0.9090909090909091,1,True,0,False,False,False
1681961129,0.213651560209258,0.3086941563163437,0.614083621638116,-0.005030127810695766,C,1.0,1.0,1.0,0,True,0,False,False,False
2835904305,0.25514027534680883,0.32794998417522725,0.6202090424748328,0.47925762357732044,A,0.7142857142857143,0.8333333333333334,0.7692307692307692,3,True,2,True,True,True
2835904305,0.25514027534680883,0.32794998417522725,0.6202090424748328,0.47925762357732044,B,1.0,0.8333333333333334,0.9090909090909091,1,True,0,False,False,False
2835904305,0.25514027534680883,0.32794998417522725,0.6202090424748328,0.47925762357732044,C,1.0,1.0,1.0,0,True,0,False,False,False
3411726542,0.2678360814156771,0.3129413321362001,0.6540110275207601,0.0026428299190238646,A,0.7142857142857143,0.8333333333333334,0.7692307692307692,3,True,2,True,True,True
3411726542,0.2678360814156771,0.3129413321362001,0.6540110275207601,0.0026428299190238646,B,1.0,0.8333333333333334,0.9090909090909091,1,True,0,False,False,False
3411726542,0.2678360814156771,0.3129413321362001,0.6540110275207601,0.0026428299190238646,C,1.0,1.0,1.0,0,True,0,False,False,False
2210409635,0.2170238321374516,0.29708754592659675,0.6306146434395605,0.19735454097903188,A,0.7142857142857143,0.8333333333333334,0.7692307692307692,3,True,2,True,True,True
2210409635,0.2170238321374516,0.29708754592659675,0.6306146434395605,0.19735454097903188,B,1.0,0.8333333333333334,0.9090909090909091,1,True,0,False,False,False
2210409635,0.2170238321374516,0.29708754592659675,0.6306146434395605,0.19735454097903188,C,1.0,1.0,1.0,0,True,0,False,False,False
1533359212,0.29004483376871054,0.36465497752424275,0.7284261107623592,0.08553631418914581,A,0.7142857142857143,0.8333333333333334,0.7692307692307692,3,True,2,True,True,True
1533359212,0.29004483376871054,0.36465497752424275,0.7284261107623592,0.08553631418914581,B,1.0,0.8333333333333334,0.9090909090909091,1,True,0,False,False,False
1533359212,0.29004483376871054,0.36465497752424275,0.7284261107623592,0.08553631418914581,C,1.0,1.0,1.0,0,True,0,False,False,False
719055010,0.11753448140643429,0.15445188653138006,0.4853540500665946,0.05717268214407897,A,0.7142857142857143,0.8333333333333334,0.7692307692307692,3,True,2,True,True,True
719055010,0.11753448140643429,0.15445188653138006,0.4853540500665946,0.05717268214407897,B,1.0,0.8333333333333334,0.9090909090909091,1,True,0,False,False,False
719055010,0.11753448140643429,0.15445188653138006,0.4853540500665946,0.05717268214407897,C,1.0,1.0,1.0,0,True,0,False,False,False
1069378585,0.3166151979117477,0.3740168785760683,0.5831280464602011,0.19857279842642742,A,0.7142857142857143,0.8333333333333334,0.7692307692307692,3,True,2,True,True,True
1069378585,0.3166151979117477,0.3740168785760683,0.5831280464602011,0.19857279842642742,B,1.0,0.8333333333333334,0.9090909090909091,1,True,0,False,False,False
1069378585,0.3166151979117477,0.3740168785760683,0.5831280464602011,0.19857279842642742,C,1.0,1.0,1.0,0,True,0,False,False,False
1278904793,0.29195586904134607,0.3485838992107969,0.6782256600928945,0.15275905436841752,A,0.7142857142857143,0.8333333333333334,0.7692307692307692,3,True,2,True,True,True
1278904793,0.29195586904134607,0.3485838992107969,0.6782256600928945,0.15275905436841752,B,1.0,0.8333333333333334,0.9090909090909091,1,True,0,False,False,False
1278904793,0.29195586904134607,0.3485838992107969,0.6782256600928945,0.15275905436841752,C,1.0,1.0,1.0,0,True,0,False,False,False
2249945202,0.3886648490893998,0.48514739512119764,0.8293075231533089,0.04459159012095632,A,0.7142857142857143,0.8333333333333334,0.7692307692307692,3,True,2,True,True,True
2249945202,0.3886648490893998,0.48514739512119764,0.8293075231533089,0.04459159012095632,B,1.0,0.8333333333333334,0.9090909090909091,1,True,0,False,False,False
2249945202,0.3886648490893998,0.48514739512119764,0.8293075231533089,0.04459159012095632,C,1.0,1.0,1.0,0,True,0,False,False,False
2208123876,0.17906029676130947,0.24983988282917596,0.5502003912759242,0.3941234434258776,A,0.7142857142857143,0.8333333333333334,0.7692307692307692,3,True,2,True,True,True
2208123876,0.17906029676130947,0.24983988282917596,0.5502003912759242,0.3941234434258776,B,1.0,0.8333333333333334,0.9090909090909091,1,True,0,False,False,False
2208123876,0.17906029676130947,0.24983988282917596,0.5502003912759242,0.3941234434258776,C,1.0,1.0,1.0,0,True,0,False,False,False
552904064,0.34543608967704215,0.45212194899993635,0.7523563557170819,0.04756860724061492,A,0.7142857142857143,0.8333333333333334,0.7692307692307692,3,True,2,True,True,True
552904064,0.34543608967704215,0.45212194899993635,0.7523563557170819,0.04756860724061492,B,1.0,0.8333333333333334,0.9090909090909091,1,True,0,False,False,False
552904064,0.34543608967704215,0.45212194899993635,0.7523563557170819,0.04756860724061492,C,1.0,1.0,1.0,0,True,0,False,False,False
472861772,0.3139556902830497,0.36185848833186524,0.6593854401907185,0.3211083138793963,A,0.7142857142857143,0.8333333333333334,0.7692307692307692,3,True,2,True,True,True
472861772,0.3139556902830497,0.36185848833186524,0.6593854401907185,0.3211083138793963,B,1.0,0.8333333333333334,0.9090909090909091,1,True,0,False,False,False
472861772,0.3139556902830497,0.36185848833186524,0.6593854401907185,0.3211083138793963,C,1.0,1.0,1.0,0,True,0,False,False,False
1721113375,0.24262127520571702,0.3012008924781953,0.6669169975851407,-0.14265484234372863,A,0.7142857142857143,0.8333333333333334,0.7692307692307692,3,True,2,True,True,True
1721113375,0.24262127520571702,0.3012008924781953,0.6669169975851407,-0.14265484234372863,B,1.0,0.8333333333333334,0.9090909090909091,1,True,0,False,False,False
1721113375,0.24262127520571702,0.3012008924781953,0.6669169975851407,-0.14265484234372863,C,1.0,1.0,1.0,0,True,0,False,False,False
790294435,0.2839959602507689,0.35018828741725916,0.6521489925549224,0.5011699007388691,A,0.7142857142857143,0.8333333333333334,0.7692307692307692,3,True,2,True,True,True
790294435,0.2839959602507689,0.35018828741725916,0.6521489925549224,0.5011699007388691,B,1.0,0.8333333333333334,0.9090909090909091,1,True,0,False,False,False
790294435,0.2839959602507689,0.35018828741725916,0.6521489925549224,0.5011699007388691,C,1.0,1.0,1.0,0,True,0,False,False,False
1864950956,0.31002924003316124,0.3795209147126703,0.6699800446455373,0.1279826044842235,A,0.7142857142857143,0.8333333333333334,0.7692307692307692,3,True,2,True,True,True
1864950956,0.31002924003316124,0.3795209147126703,0.6699800446455373,0.1279826044842235,B,1.0,0.8333333333333334,0.9090909090909091,1,True,0,False,False,False
1864950956,0.31002924003316124,0.3795209147126703,0.6699800446455373,0.1279826044842235,C,1.0,1.0,1.0,0,True,0,False,False,False
4154420604,0.21283324122133743,0.2822079358354277,0.5267702267725143,0.1511479675467502,A,0.7142857142857143,0.8333333333333334,0.7692307692307692,3,True,2,True,True,True
4154420604,0.21283324122133743,0.2822079358354277,0.5267702267725143,0.1511479675467502,B,1.0,0.8333333333333334,0.9090909090909091,1,True,0,False,False,False
4154420604,0.21283324122133743,0.2822079358354277,0.5267702267725143,0.1511479675467502,C,1.0,1.0,1.0,0,True,0,False,False,False
667382574,0.18804985614862313,0.264990835909438,0.5652720841453626,0.30075220770406286,A,0.7142857142857143,0.8333333333333334,0.7692307692307692,3,True,2,True,True,True
667382574,0.18804985614862313,0.264990835909438,0.5652720841453626,0.30075220770406286,B,1.0,0.8333333333333334,0.9090909090909091,1,True,0,False,False,False
667382574,0.18804985614862313,0.264990835909438,0.5652720841453626,0.30075220770406286,C,1.0,1.0,1.0,0,True,0,False,False,False
558336638,0.3067928865748469,0.3895645538429965,0.7202787323798208,0.3158241746322371,A,0.7142857142857143,0.8333333333333334,0.7692307692307692,3,True,2,True,True,True
558336638,0.3067928865748469,0.3895645538429965,0.7202787323798208,0.3158241746322371,B,1.0,0.8333333333333334,0.9090909090909091,1,True,0,False,False,False
558336638,0.3067928865748469,0.3895645538429965,0.7202787323798208,0.3158241746322371,C,1.0,1.0,1.0,0,True,0,False,False,False
1272573069,0.26068077322887706,0.36280485906896137,0.7333840625377555,0.46262391967330685,A,0.7142857142857143,0.8333333333333334,0.7692307692307692,3,True,2,True,True,True
1272573069,0.26068077322887706,0.36280485906896137,0.7333840625377555,0.46262391967330685,B,1.0,0.8333333333333334,0.9090909090909091,1,True,0,False,False,False
1272573069,0.26068077322887706,0.36280485906896137,0.7333840625377555,0.46262391967330685,C,1.0,1.0,1.0,0,True,0,False,False,False
3839463866,0.4275675385400068,0.5193386771952012,0.8075325986330223,0.18440891372146914,A,0.7142857142857143,0.8333333333333334,0.7692307692307692,3,True,2,True,True,True
3839463866,0.4275675385400068,0.5193386771952012,0.8075325986330223,0.18440891372146914,B,1.0,0.8333333333333334,0.9090909090909091,1,True,0,False,False,False
3839463866,0.4275675385400068,0.5193386771952012,0.8075325986330223,0.18440891372146914,C,1.0,1.0,1.0,0,True,0,False,False,False
404283153,0.20983866811867494,0.25393601142106015,0.6250243348771639,0.3721681465386252,A,0.7142857142857143,0.8333333333333334,0.7692307692307692,3,True,2,True,True,True
404283153,0.20983866811867494,0.25393601142106015,0.6250243348771639,0.3721681465386252,B,1.0,0.8333333333333334,0.9090909090909091,1,True,0,False,False,False
404283153,0.20983866811867494,0.25393601142106015,0.6250243348771639,0.3721681465386252,C,1.0,1.0,1.0,0,True,0,False,False,False
1199214595,0.15449969562550253,0.22723977541050094,0.3920200949708858,0.16488025631947664,A,0.7142857142857143,0.8333333333333334,0.7692307692307692,3,True,2,True,True,True
1199214595,0.15449969562550253,0.22723977541050094,0.3920200949708858,0.16488025631947664,B,1.0,0.8333333333333334,0.9090909090909091,1,True,0,False,False,False
1199214595,0.15449969562550253,0.22723977541050094,0.3920200949708858,0.16488025631947664,C,1.0,1.0,1.0,0,True,0,False,False,False
171794777,0.11076373257806515,0.1675504998448954,0.5199448808386461,0.019876192263383493,A,0.7142857142857143,0.8333333333333334,0.7692307692307692,3,True,2,True,True,True
171794777,0.11076373257806515,0.1675504998448954,0.5199448808386461,0.019876192263383493,B,1.0,0.8333333333333334,0.9090909090909091,1,True,0,False,False,False
171794777,0.11076373257806515,0.1675504998448954,0.5199448808386461,0.019876192263383493,C,1.0,1.0,1.0,0,True,0,False,False,False
2044142644,0.21671652441761047,0.29311155184447757,0.5627357013392328,0.05474719208299793,A,0.7142857142857143,0.8333333333333334,0.7692307692307692,3,True,2,True,True,True
2044142644,0.21671652441761047,0.29311155184447757,0.5627357013392328,0.05474719208299793,B,1.0,0.8333333333333334,0.9090909090909091,1,True,0,False,False,False
2044142644,0.21671652441761047,0.29311155184447757,0.5627357013392328,0.05474719208299793,C,1.0,1.0,1.0,0,True,0,False,False,False
653029509,0.3160231502715144,0.37493924925007965,0.6665938242874078,-0.02521166234188238,A,0.7142857142857143,0.8333333333333334,0.7692307692307692,3,True,2,True,True,True
653029509,0.3160231502715144,0.37493924925007965,0.6665938242874078,-0.02521166234188238,B,1.0,0.8333333333333334,0.9090909090909091,1,True,0,False,False,False
653029509,0.3160231502715144,0.37493924925007965,0.6665938242874078,-0.02521166234188238,C,1.0,1.0,1.0,0,True,0,False,False,False
1991689167,0.12878564642588713,0.19269392137719338,0.5037740841817641,0.04362760561802792,A,0.7142857142857143,0.8333333333333334,0.7692307692307692,3,True,2,True,True,True
1991689167,0.12878564642588713,0.19269392137719338,0.5037740841817641,0.04362760561802792,B,1.0,0.8333333333333334,0.9090909090909091,1,True,0,False,False,False
1991689167,0.12878564642588713,0.19269392137719338,0.5037740841817641,0.04362760561802792,C,1.0,1.0,1.0,0,True,0,False,False,False
3466002338,0.20498048147862608,0.29258771915113396,0.6637019028383885,0.371918779754204,A,0.7142857142857143,0.8333333333333334,0.7692307692307692,3,True,2,True,True,True
3466002338,0.20498048147862608,0.29258771915113396,0.6637019028383885,0.371918779754204,B,1.0,0.8333333333333334,0.9090909090909091,1,True,0,False,False,False
3466002338,0.20498048147862608,0.29258771915113396,0.6637019028383885,0.371918779754204,C,1.0,1.0,1.0,0,True,0,False,False,False
2942345987,0.09482500989757019,0.1842457935321968,0.45659592539907434,0.18569905955280133,A,0.7142857142857143,0.8333333333333334,0.7692307692307692,3,True,2,True,True,True
2942345987,0.09482500989757019,0.1842457935321968,0.45659592539907434,0.18569905955280133,B,1.0,0.8333333333333334,0.9090909090909091,1,True,0,False,False,False
2942345987,0.09482500989757019,0.1842457935321968,0.45659592539907434,0.18569905955280133,C,1.0,1.0,1.0,0,True,0,False,False,False
527761405,0.2073581205643966,0.292720534829313,0.5371181835153566,-0.11526353745924166,A,0.7142857142857143,0.8333333333333334,0.7692307692307692,3,True,2,True,True,True
527761405,0.2073581205643966,0.292720534829313,0.5371181835153566,-0.11526353745924166,B,1.0,0.8333333333333334,0.9090909090909091,1,True,0,False,False,False
527761405,0.2073581205643966,0.292720534829313,0.5371181835153566,-0.11526353745924166,C,1.0,1.0,1.0,0,True,0,False,False,False
2745914898,0.2547676469486656,0.31295948055049627,0.5784526116015811,0.27245831687484656,A,0.7142857142857143,0.8333333333333334,0.7692307692307692,3,True,2,True,True,True
2745914898,0.2547676469486656,0.31295948055049627,0.5784526116015811,0.27245831687484656,B,1.0,0.8333333333333334,0.9090909090909091,1,True,0,False,False,False
2745914898,0.2547676469486656,0.31295948055049627,0.5784526116015811,0.27245831687484656,C,1.0,1.0,1.0,0,True,0,False,False,False
1849642363,0.22452607456164914,0.33161412697531084,0.6549267677926351,0.36349537561794143,A,0.7142857142857143,0.8333333333333334,0.7692307692307692,3,True,2,True,True,True
1849642363,0.22452607456164914,0.33161412697531084,0.6549267677926351,0.36349537561794143,B,1.0,0.8333333333333334,0.9090909090909091,1,True,0,False,False,False
1849642363,0.22452607456164914,0.33161412697531084,0.6549267677926351,0.36349537561794143,C,1.0,1.0,1.0,0,True,0,False,False,False
4124566324,0.33755776874507415,0.42729645566684693,0.6977199116608568,-0.32085558737564573,A,0.7142857142857143,0.8333333333333334,0.7692307692307692,3,True,2,True,True,True
4124566324,0.33755776874507415,0.42729645566684693,0.6977199116608568,-0.32085558737564573,B,1.0,0.8333333333333334,0.9090909090909091,1,True,0,False,False,False
4124566324,0.33755776874507415,0.42729645566684693,0.6977199116608568,-0.32085558737564573,C,1.0,1.0,1.0,0,True,0,False,False,False
2246740483,0.2374102044911008,0.3088918592572258,0.6671490164065345,0.26282636177831586,A,0.7142857142857143,0.8333333333333334,0.7692307692307692,3,True,2,True,True,True
2246740483,0.2374102044911008,0.3088918592572258,0.6671490164065345,0.26282636177831586,B,1.0,0.8333333333333334,0.9090909090909091,1,True,0,False,False,False
2246740483,0.2374102044911008,0.3088918592572258,0.6671490164065345,0.26282636177831586,C,1.0,1.0,1.0,0,True,0,False,False,False
2147498041,0.327571798890011,0.40031898541929717,0.6683351641450491,0.32305960600768424,A,0.7142857142857143,0.8333333333333334,0.7692307692307692,3,True,2,True,True,True
2147498041,0.327571798890011,0.40031898541929717,0.6683351641450491,0.32305960600768424,B,1.0,0.8333333333333334,0.9090909090909091,1,True,0,False,False,False
2147498041,0.327571798890011,0.40031898541929717,0.6683351641450491,0.32305960600768424,C,1.0,1.0,1.0,0,True,0,False,False,False
3635847330,0.2467945984022956,0.34936654710912507,0.5181708688940483,0.06597953407198992,A,0.7142857142857143,0.8333333333333334,0.7692307692307692,3,True,2,True,True,True
3635847330,0.2467945984022956,0.34936654710912507,0.5181708688940483,0.06597953407198992,B,1.0,0.8333333333333334,0.9090909090909091,1,True,0,False,False,False
3635847330,0.2467945984022956,0.34936654710912507,0.5181708688940483,0.06597953407198992,C,1.0,1.0,1.0,0,True,0,False,False,False
825418833,0.12162402501092295,0.22338882448897604,0.5523072713378604,0.16080981040151215,A,0.7142857142857143,0.8333333333333334,0.7692307692307692,3,True,2,True,True,True
825418833,0.12162402501092295,0.22338882448897604,0.5523072713378604,0.16080981040151215,B,1.0,0.8333333333333334,0.9090909090909091,1,True,0,False,False,False
825418833,0.12162402501092295,0.22338882448897604,0.5523072713378604,0.16080981040151215,C,1.0,1.0,1.0,0,True,0,False,False,False
3147477395,0.2192778634078334,0.3266183950729165,0.6480702043012041,-0.038597450780504326,A,0.7142857142857143,0.8333333333333334,0.7692307692307692,3,True,2,True,True,True
3147477395,0.2192778634078334,0.3266183950729165,0.6480702043012041,-0.038597450780504326,B,1.0,0.8333333333333334,0.9090909090909091,1,True,0,False,False,False
3147477395,0.2192778634078334,0.3266183950729165,0.6480702043012041,-0.038597450780504326,C,1.0,1.0,1.0,0,True,0,False,False,False
62477248,0.1385571788001968,0.18139593181517924,0.539811904216161,-0.001445910226709916,A,0.7142857142857143,0.8333333333333334,0.7692307692307692,3,True,2,True,True,True
62477248,0.1385571788001968,0.18139593181517924,0.539811904216161,-0.001445910226709916,B,1.0,0.8333333333333334,0.9090909090909091,1,True,0,False,False,False
62477248,0.1385571788001968,0.18139593181517924,0.539811904216161,-0.001445910226709916,C,1.0,1.0,1.0,0,True,0,False,False,False
4080569116,0.25943697040298486,0.30195193407937143,0.6497840669796614,0.19899400980964488,A,0.7142857142857143,0.8333333333333334,0.7692307692307692,3,True,2,True,True,True
4080569116,0.25943697040298486,0.30195193407937143,0.6497840669796614,0.19899400980964488,B,1.0,0.8333333333333334,0.9090909090909091,1,True,0,False,False,False
4080569116,0.25943697040298486,0.30195193407937143,0.6497840669796614,0.19899400980964488,C,1.0,1.0,1.0,0,True,0,False,False,False
1164512906,0.16620021273418156,0.27631416519338264,0.6601722754043915,0.23254646107608765,A,0.7142857142857143,0.8333333333333334,0.7692307692307692,3,True,2,True,True,True
1164512906,0.16620021273418156,0.27631416519338264,0.6601722754043915,0.23254646107608765,B,1.0,0.8333333333333334,0.9090909090909091,1,True,0,False,False,False
1164512906,0.16620021273418156,0.27631416519338264,0.6601722754043915,0.23254646107608765,C,1.0,1.0,1.0,0,True,0,False,False,False
2476958410,0.17381860910287317,0.23779177521119668,0.5854540697644658,0.43857060260859115,A,0.7142857142857143,0.8333333333333334,0.7692307692307692,3,True,2,True,True,True
2476958410,0.17381860910287317,0.23779177521119668,0.5854540697644658,0.43857060260859115,B,1.0,0.8333333333333334,0.9090909090909091,1,True,0,False,False,False
2476958410,0.17381860910287317,0.23779177521119668,0.5854540697644658,0.43857060260859115,C,1.0,1.0,1.0,0,True,0,False,False,False
3327198248,0.3773783792904209,0.49189855679161476,0.7717444347802616,0.18609014340873678,A,0.7142857142857143,0.8333333333333334,0.7692307692307692,3,True,2,True,True,True
3327198248,0.3773783792904209,0.49189855679161476,0.7717444347802616,0.18609014340873678,B,1.0,0.8333333333333334,0.9090909090909091,1,True,0,False,False,False
3327198248,0.3773783792904209,0.49189855679161476,0.7717444347802616,0.18609014340873678,C,1.0,1.0,1.0,0,True,0,False,False,False
2793113487,0.1993355171816372,0.24088933713827476,0.5381003171822779,0.015069710398203713,A,0.7142857142857143,0.8333333333333334,0.7692307692307692,3,True,2,True,True,True
2793113487,0.1993355171816372,0.24088933713827476,0.5381003171822779,0.015069710398203713,B,1.0,0.8333333333333334,0.9090909090909091,1,True,0,False,False,False
2793113487,0.1993355171816372,0.24088933713827476,0.5381003171822779,0.015069710398203713,C,1.0,1.0,1.0,0,True,0,False,False,False
3795957794,0.1869459623803095,0.24611851229712628,0.6033823014614844,0.019019437774640227,A,0.7142857142857143,0.8333333333333334,0.7692307692307692,3,True,2,True,True,True
3795957794,0.1869459623803095,0.24611851229712628,0.6033823014614844,0.019019437774640227,B,1.0,0.8333333333333334,0.9090909090909091,1,True,0,False,False,False
3795957794,0.1869459623803095,0.24611851229712628,0.6033823014614844,0.019019437774640227,C,1.0,1.0,1.0,0,True,0,False,False,False
2457378545,0.3792906271273258,0.44420852813099515,0.6631782481766849,0.16113640920475278,A,0.7142857142857143,0.8333333333333334,0.7692307692307692,3,True,2,True,True,True
2457378545,0.3792906271273258,0.44420852813099515,0.6631782481766849,0.16113640920475278,B,1.0,0.8333333333333334,0.9090909090909091,1,True,0,False,False,False
2457378545,0.3792906271273258,0.44420852813099515,0.6631782481766849,0.16113640920475278,C,1.0,1.0,1.0,0,True,0,False,False,False
2193097729,0.12335208719699729,0.19066052061495933,0.5406555267391304,0.16077305444523843,A,0.7142857142857143,0.8333333333333334,0.7692307692307692,3,True,2,True,True,True
2193097729,0.12335208719699729,0.19066052061495933,0.5406555267391304,0.16077305444523843,B,1.0,0.8333333333333334,0.9090909090909091,1,True,0,False,False,False
2193097729,0.12335208719699729,0.19066052061495933,0.5406555267391304,0.16077305444523843,C,1.0,1.0,1.0,0,True,0,False,False,False
1980962327,0.2771677876177321,0.307997297957155,0.47210823381667816,-0.14588311970894569,A,0.7142857142857143,0.8333333333333334,0.7692307692307692,3,True,2,True,True,True
1980962327,0.2771677876177321,0.307997297957155,0.47210823381667816,-0.14588311970894569,B,1.0,0.8333333333333334,0.9090909090909091,1,True,0,False,False,False
1980962327,0.2771677876177321,0.307997297957155,0.47210823381667816,-0.14588311970894569,C,1.0,1.0,1.0,0,True,0,False,False,False
3504766469,0.30877482906796766,0.4004782275365712,0.6971813493685435,0.020252920879553073,A,0.7142857142857143,0.8333333333333334,0.7692307692307692,3,True,2,True,True,True
3504766469,0.30877482906796766,0.4004782275365712,0.6971813493685435,0.020252920879553073,B,1.0,0.8333333333333334,0.9090909090909091,1,True,0,False,False,False
3504766469,0.30877482906796766,0.4004782275365712,0.6971813493685435,0.020252920879553073,C,1.0,1.0,1.0,0,True,0,False,False,False
1783293347,0.23980886099052115,0.2815082415279961,0.610252862926302,-0.007213591498221121,A,0.7142857142857143,0.8333333333333334,0.7692307692307692,3,True,2,True,True,True
1783293347,0.23980886099052115,0.2815082415279961,0.610252862926302,-0.007213591498221121,B,1.0,0.8333333333333334,0.9090909090909091,1,True,0,False,False,False
1783293347,0.23980886099052115,0.2815082415279961,0.610252862926302,-0.007213591498221121,C,1.0,1.0,1.0,0,True,0,False,False,False
4260566218,0.2089568541723626,0.30458874554234117,0.7213762724045437,0.40806310872142737,A,0.7142857142857143,0.8333333333333334,0.7692307692307692,3,True,2,True,True,True
4260566218,0.2089568541723626,0.30458874554234117,0.7213762724045437,0.40806310872142737,B,1.0,0.8333333333333334,0.9090909090909091,1,True,0,False,False,False
4260566218,0.2089568541723626,0.30458874554234117,0.7213762724045437,0.40806310872142737,C,1.0,1.0,1.0,0,True,0,False,False,False
497741438,0.23391663096092058,0.26794150758887425,0.6167641808870021,0.05839152868966766,A,0.7142857142857143,0.8333333333333334,0.7692307692307692,3,True,2,True,True,True
497741438,0.23391663096092058,0.26794150758887425,0.6167641808870021,0.05839152868966766,B,1.0,0.8333333333333334,0.9090909090909091,1,True,0,False,False,False
497741438,0.23391663096092058,0.26794150758887425,0.6167641808870021,0.05839152868966766,C,1.0,1.0,1.0,0,True,0,False,False,False
313131977,0.15492774504848647,0.20219466402289618,0.5567186259003384,0.5680632062466527,A,0.7142857142857143,0.8333333333333334,0.7692307692307692,3,True,2,True,True,True
313131977,0.15492774504848647,0.20219466402289618,0.5567186259003384,0.5680632062466527,B,1.0,0.8333333333333334,0.9090909090909091,1,True,0,False,False,False
313131977,0.15492774504848647,0.20219466402289618,0.5567186259003384,0.5680632062466527,C,1.0,1.0,1.0,0,True,0,False,False,False
1624176327,0.22114841313071637,0.2745361387401876,0.48529945827221294,0.3029933786648088,A,0.7142857142857143,0.8333333333333334,0.7692307692307692,3,True,2,True,True,True
1624176327,0.22114841313071637,0.2745361387401876,0.48529945827221294,0.3029933786648088,B,1.0,0.8333333333333334,0.9090909090909091,1,True,0,False,False,False
1624176327,0.22114841313071637,0.2745361387401876,0.48529945827221294,0.3029933786648088,C,1.0,1.0,1.0,0,True,0,False,False,False
684117439,0.29772645093539923,0.326695611948861,0.6750273364499075,0.12466010737631954,A,0.7142857142857143,0.8333333333333334,0.7692307692307692,3,True,2,True,True,True
684117439,0.29772645093539923,0.326695611948861,0.6750273364499075,0.12466010737631954,B,1.0,0.8333333333333334,0.9090909090909091,1,True,0,False,False,False
684117439,0.29772645093539923,0.326695611948861,0.6750273364499075,0.12466010737631954,C,1.0,1.0,1.0,0,True,0,False,False,False
3575413496,0.1942318142719309,0.23801517019893753,0.5284750646431037,0.3829103168280893,A,0.7142857142857143,0.8333333333333334,0.7692307692307692,3,True,2,True,True,True
3575413496,0.1942318142719309,0.23801517019893753,0.5284750646431037,0.3829103168280893,B,1.0,0.8333333333333334,0.9090909090909091,1,True,0,False,False,False
3575413496,0.1942318142719309,0.23801517019893753,0.5284750646431037,0.3829103168280893,C,1.0,1.0,1.0,0,True,0,False,False,False
934244428,0.1972797946155129,0.28912388144902335,0.6017009458633107,0.1586928511929195,A,0.7142857142857143,0.8333333333333334,0.7692307692307692,3,True,2,True,True,True
934244428,0.1972797946155129,0.28912388144902335,0.6017009458633107,0.1586928511929195,B,1.0,0.8333333333333334,0.9090909090909091,1,True,0,False,False,False
934244428,0.1972797946155129,0.28912388144902335,0.6017009458633107,0.1586928511929195,C,1.0,1.0,1.0,0,True,0,False,False,False
951675344,0.2339073906061032,0.314621518868848,0.6396106887206974,-0.019564446529205914,A,0.7142857142857143,0.8333333333333334,0.7692307692307692,3,True,2,True,True,True
951675344,0.2339073906061032,0.314621518868848,0.6396106887206974,-0.019564446529205914,B,1.0,0.8333333333333334,0.9090909090909091,1,True,0,False,False,False
951675344,0.2339073906061032,0.314621518868848,0.6396106887206974,-0.019564446529205914,C,1.0,1.0,1.0,0,True,0,False,False,False
3211668503,0.2736732149205708,0.3377116449926955,0.6201635852992422,0.003045705804125271,A,0.7142857142857143,0.8333333333333334,0.7692307692307692,3,True,2,True,True,True
3211668503,0.2736732149205708,0.3377116449926955,0.6201635852992422,0.003045705804125271,B,1.0,0.8333333333333334,0.9090909090909091,1,True,0,False,False,False
3211668503,0.2736732149205708,0.3377116449926955,0.6201635852992422,0.003045705804125271,C,1.0,1.0,1.0,0,True,0,False,False,False
107146198,0.29330839064885356,0.3765677339517093,0.6844976127535477,0.034938225196765524,A,0.7142857142857143,0.8333333333333334,0.7692307692307692,3,True,2,True,True,True
107146198,0.29330839064885356,0.3765677339517093,0.6844976127535477,0.034938225196765524,B,1.0,0.8333333333333334,0.9090909090909091,1,True,0,False,False,False
107146198,0.29330839064885356,0.3765677339517093,0.6844976127535477,0.034938225196765524,C,1.0,1.0,1.0,0,True,0,False,False,False
150108817,0.15821072625581242,0.25285047943668215,0.5033695037668674,0.6270726509108165,A,0.7142857142857143,0.8333333333333334,0.7692307692307692,3,True,2,True,True,True
150108817,0.15821072625581242,0.25285047943668215,0.5033695037668674,0.6270726509108165,B,1.0,0.8333333333333334,0.9090909090909091,1,True,0,False,False,False
150108817,0.15821072625581242,0.25285047943668215,0.5033695037668674,0.6270726509108165,C,1.0,1.0,1.0,0,True,0,False,False,False
44010774,0.2450275824515485,0.33931641032989773,0.6015489176066157,0.20214927544494005,A,0.7142857142857143,0.8333333333333334,0.7692307692307692,3,True,2,True,True,True
44010774,0.2450275824515485,0.33931641032989773,0.6015489176066157,0.20214927544494005,B,1.0,0.8333333333333334,0.9090909090909091,1,True,0,False,False,False
44010774,0.2450275824515485,0.33931641032989773,0.6015489176066157,0.20214927544494005,C,1.0,1.0,1.0,0,True,0,False,False,False
1546020767,0.20423620248749286,0.2801036658406213,0.561601031429973,-0.08434834475117282,A,0.7142857142857143,0.8333333333333334,0.7692307692307692,3,True,2,True,True,True
1546020767,0.20423620248749286,0.2801036658406213,0.561601031429973,-0.08434834475117282,B,1.0,0.8333333333333334,0.9090909090909091,1,True,0,False,False,False
1546020767,0.20423620248749286,0.2801036658406213,0.561601031429973,-0.08434834475117282,C,1.0,1.0,1.0,0,True,0,False,False,False
1319610723,0.1521848704182588,0.24462126367522247,0.5581113670578179,0.3108141342680419,A,0.7142857142857143,0.8333333333333334,0.7692307692307692,3,True,2,True,True,True
1319610723,0.1521848704182588,0.24462126367522247,0.5581113670578179,0.3108141342680419,B,1.0,0.8333333333333334,0.9090909090909091,1,True,0,False,False,False
1319610723,0.1521848704182588,0.24462126367522247,0.5581113670578179,0.3108141342680419,C,1.0,1.0,1.0,0,True,0,False,False,False
1188928062,0.20619756365805056,0.2580716720272445,0.5518558754211885,0.17749057181385902,A,0.7142857142857143,0.8333333333333334,0.7692307692307692,3,True,2,True,True,True
1188928062,0.20619756365805056,0.2580716720272445,0.5518558754211885,0.17749057181385902,B,1.0,0.8333333333333334,0.9090909090909091,1,True,0,False,False,False
1188928062,0.20619756365805056,0.2580716720272445,0.5518558754211885,0.17749057181385902,C,1.0,1.0,1.0,0,True,0,False,False,False
1076595394,0.21595074845626397,0.3068631293392131,0.5538780801908885,-0.007910474245110181,A,0.7142857142857143,0.8333333333333334,0.7692307692307692,3,True,2,True,True,True
1076595394,0.21595074845626397,0.3068631293392131,0.5538780801908885,-0.007910474245110181,B,1.0,0.8333333333333334,0.9090909090909091,1,True,0,False,False,False
1076595394,0.21595074845626397,0.3068631293392131,0.5538780801908885,-0.007910474245110181,C,1.0,1.0,1.0,0,True,0,False,False,False
3568804494,0.24626038119415344,0.37796944163881757,0.736095867167981,0.09243580866646071,A,0.7142857142857143,0.8333333333333334,0.7692307692307692,3,True,2,True,True,True
3568804494,0.24626038119415344,0.37796944163881757,0.736095867167981,0.09243580866646071,B,1.0,0.8333333333333334,0.9090909090909091,1,True,0,False,False,False
3568804494,0.24626038119415344,0.37796944163881757,0.736095867167981,0.09243580866646071,C,1.0,1.0,1.0,0,True,0,False,False,False
3214972212,0.2387020001651846,0.3168107826481386,0.6678534085876261,-0.1387377979298973,A,0.7142857142857143,0.8333333333333334,0.7692307692307692,3,True,2,True,True,True
3214972212,0.2387020001651846,0.3168107826481386,0.6678534085876261,-0.1387377979298973,B,1.0,0.8333333333333334,0.9090909090909091,1,True,0,False,False,False
3214972212,0.2387020001651846,0.3168107826481386,0.6678534085876261,-0.1387377979298973,C,1.0,1.0,1.0,0,True,0,False,False,False
790890055,0.19745226141674974,0.2574745029120744,0.5682598636768018,0.39565894131037244,A,0.7142857142857143,0.8333333333333334,0.7692307692307692,3,True,2,True,True,True
790890055,0.19745226141674974,0.2574745029120744,0.5682598636768018,0.39565894131037244,B,1.0,0.8333333333333334,0.9090909090909091,1,True,0,False,False,False
790890055,0.19745226141674974,0.2574745029120744,0.5682598636768018,0.39565894131037244,C,1.0,1.0,1.0,0,True,0,False,False,False
98524374,0.3075240135514388,0.3515667401389306,0.6390005200693533,0.3062034885487778,A,0.7142857142857143,0.8333333333333334,0.7692307692307692,3,True,2,True,True,True
98524374,0.3075240135514388,0.3515667401389306,0.6390005200693533,0.3062034885487778,B,1.0,0.8333333333333334,0.9090909090909091,1,True,0,False,False,False
98524374,0.3075240135514388,0.3515667401389306,0.6390005200693533,0.3062034885487778,C,1.0,1.0,1.0,0,True,0,False,False,False
1158348659,0.19518518283851427,0.2844899100283455,0.4650318390328953,0.22774597350107043,A,0.7142857142857143,0.8333333333333334,0.7692307692307692,3,True,2,True,True,True
1158348659,0.19518518283851427,0.2844899100283455,0.4650318390328953,0.22774597350107043,B,1.0,0.8333333333333334,0.9090909090909091,1,True,0,False,False,False
1158348659,0.19518518283851427,0.2844899100283455,0.4650318390328953,0.22774597350107043,C,1.0,1.0,1.0,0,True,0,False,False,False
1033704249,0.2342320300172333,0.3166292771962952,0.6502720159896932,0.19930511815941007,A,0.7142857142857143,0.8333333333333334,0.7692307692307692,3,True,2,True,True,True
1033704249,0.2342320300172333,0.3166292771962952,0.6502720159896932,0.19930511815941007,B,1.0,0.8333333333333334,0.9090909090909091,1,True,0,False,False,False
1033704249,0.2342320300172333,0.3166292771962952,0.6502720159896932,0.19930511815941007,C,1.0,1.0,1.0,0,True,0,False,False,False
3222740980,0.25271192998852604,0.3396806312351582,0.5899625688577902,0.14327496175895402,A,0.7142857142857143,0.8333333333333334,0.7692307692307692,3,True,2,True,True,True
3222740980,0.25271192998852604,0.3396806312351582,0.5899625688577902,0.14327496175895402,B,1.0,0.8333333333333334,0.9090909090909091,1,True,0,False,False,False
3222740980,0.25271192998852604,0.3396806312351582,0.5899625688577902,0.14327496175895402,C,1.0,1.0,1.0,0,True,0,False,False,False
1224352915,0.22428136225924705,0.3098260408367075,0.5951020009572219,-0.17239741593442928,A,0.7142857142857143,0.8333333333333334,0.7692307692307692,3,True,2,True,True,True
1224352915,0.22428136225924705,0.3098260408367075,0.5951020009572219,-0.17239741593442928,B,1.0,0.8333333333333334,0.9090909090909091,1,True,0,False,False,False
1224352915,0.22428136225924705,0.3098260408367075,0.5951020009572219,-0.17239741593442928,C,1.0,1.0,1.0,0,True,0,False,False,False
1538292681,0.22458097846041228,0.3249278494841524,0.6969626133570228,0.18742495259822406,A,0.7142857142857143,0.8333333333333334,0.7692307692307692,3,True,2,True,True,True
1538292681,0.22458097846041228,0.3249278494841524,0.6969626133570228,0.18742495259822406,B,1.0,0.8333333333333334,0.9090909090909091,1,True,0,False,False,False
1538292681,0.22458097846041228,0.3249278494841524,0.6969626133570228,0.18742495259822406,C,1.0,1.0,1.0,0,True,0,False,False,False
3279080198,0.14166996094213916,0.2190804479076771,0.5631292605308412,0.21169703353338826,A,0.7142857142857143,0.8333333333333334,0.7692307692307692,3,True,2,True,True,True
3279080198,0.14166996094213916,0.2190804479076771,0.5631292605308412,0.21169703353338826,B,1.0,0.8333333333333334,0.9090909090909091,1,True,0,False,False,False
3279080198,0.14166996094213916,0.2190804479076771,0.5631292605308412,0.21169703353338826,C,1.0,1.0,1.0,0,True,0,False,False,False
245637319,0.3692487773841349,0.4277032938897789,0.6947748084407319,0.1224246416348258,A,0.7142857142857143,0.8333333333333334,0.7692307692307692,3,True,2,True,True,True
245637319,0.3692487773841349,0.4277032938897789,0.6947748084407319,0.1224246416348258,B,1.0,0.8333333333333334,0.9090909090909091,1,True,0,False,False,False
245637319,0.3692487773841349,0.4277032938897789,0.6947748084407319,0.1224246416348258,C,1.0,1.0,1.0,0,True,0,False,False,False
3913518794,0.2617548380212521,0.3525396523567223,0.6789039300286241,0.20527907723928848,A,0.7142857142857143,0.8333333333333334,0.7692307692307692,3,True,2,True,True,True
3913518794,0.2617548380212521,0.3525396523567223,0.6789039300286241,0.20527907723928848,B,1.0,0.8333333333333334,0.9090909090909091,1,True,0,False,False,False
3913518794,0.2617548380212521,0.3525396523567223,0.6789039300286241,0.20527907723928848,C,1.0,1.0,1.0,0,True,0,False,False,False
3979950464,0.2570819285747817,0.28735639078378994,0.5676569642395691,0.12420317104733963,A,0.7142857142857143,0.8333333333333334,0.7692307692307692,3,True,2,True,True,True
3979950464,0.2570819285747817,0.28735639078378994,0.5676569642395691,0.12420317104733963,B,1.0,0.8333333333333334,0.9090909090909091,1,True,0,False,False,False
3979950464,0.2570819285747817,0.28735639078378994,0.5676569642395691,0.12420317104733963,C,1.0,1.0,1.0,0,True,0,False,False,False
3387990900,0.3743114018293967,0.47223095791315806,0.6808969083545849,0.08430179138289669,A,0.7142857142857143,0.8333333333333334,0.7692307692307692,3,True,2,True,True,True
3387990900,0.3743114018293967,0.47223095791315806,0.6808969083545849,0.08430179138289669,B,1.0,0.8333333333333334,0.9090909090909091,1,True,0,False,False,False
3387990900,0.3743114018293967,0.47223095791315806,0.6808969083545849,0.08430179138289669,C,1.0,1.0,1.0,0,True,0,False,False,False
3404239371,0.14175783110747298,0.24781157506692444,0.577673236394612,0.2875581287327762,A,0.7142857142857143,0.8333333333333334,0.7692307692307692,3,True,2,True,True,True
3404239371,0.14175783110747298,0.24781157506692444,0.577673236394612,0.2875581287327762,B,1.0,0.8333333333333334,0.9090909090909091,1,True,0,False,False,False
3404239371,0.14175783110747298,0.24781157506692444,0.577673236394612,0.2875581287327762,C,1.0,1.0,1.0,0,True,0,False,False,False
156483514,0.3433600620937118,0.41648921356086277,0.8106056610155177,-0.12770440393624677,A,0.7142857142857143,0.8333333333333334,0.7692307692307692,3,True,2,True,True,True
156483514,0.3433600620937118,0.41648921356086277,0.8106056610155177,-0.12770440393624677,B,1.0,0.8333333333333334,0.9090909090909091,1,True,0,False,False,False
156483514,0.3433600620937118,0.41648921356086277,0.8106056610155177,-0.12770440393624677,C,1.0,1.0,1.0,0,True,0,False,False,False
1068399767,0.2767256921128332,0.3750681969429657,0.6790427673100635,-0.3666020522399914,A,0.7142857142857143,0.8333333333333334,0.7692307692307692,3,True,2,True,True,True
1068399767,0.2767256921128332,0.3750681969429657,0.6790427673100635,-0.3666020522399914,B,1.0,0.8333333333333334,0.9090909090909091,1,True,0,False,False,False
1068399767,0.2767256921128332,0.3750681969429657,0.6790427673100635,-0.3666020522399914,C,1.0,1.0,1.0,0,True,0,False,False,False
2600422571,0.20032947818693547,0.3051668828404391,0.5879605070958076,-0.031014834188249064,A,0.7142857142857143,0.8333333333333334,0.7692307692307692,3,True,2,True,True,True
2600422571,0.20032947818693547,0.3051668828404391,0.5879605070958076,-0.031014834188249064,B,1.0,0.8333333333333334,0.9090909090909091,1,True,0,False,False,False
2600422571,0.20032947818693547,0.3051668828404391,0.5879605070958076,-0.031014834188249064,C,1.0,1.0,1.0,0,True,0,False,False,False
240433463,0.2848671789305253,0.3306051692558287,0.6356683267158019,0.593768227178225,A,0.7142857142857143,0.8333333333333334,0.7692307692307692,3,True,2,True,True,True
240433463,0.2848671789305253,0.3306051692558287,0.6356683267158019,0.593768227178225,B,1.0,0.8333333333333334,0.9090909090909091,1,True,0,False,False,False
240433463,0.2848671789305253,0.3306051692558287,0.6356683267158019,0.593768227178225,C,1.0,1.0,1.0,0,True,0,False,False,False
1587277714,0.3377177069045856,0.39683940144255064,0.6488776058246665,0.10398524585077248,A,0.7142857142857143,0.8333333333333334,0.7692307692307692,3,True,2,True,True,True
1587277714,0.3377177069045856,0.39683940144255064,0.6488776058246665,0.10398524585077248,B,1.0,0.8333333333333334,0.9090909090909091,1,True,0,False,False,False
1587277714,0.3377177069045856,0.39683940144255064,0.6488776058246665,0.10398524585077248,C,1.0,1.0,1.0,0,True,0,False,False,False
2885361794,0.13997178460375317,0.18161957488556044,0.6179644756255309,-0.033231771632093794,A,0.7142857142857143,0.8333333333333334,0.7692307692307692,3,True,2,True,True,True
2885361794,0.13997178460375317,0.18161957488556044,0.6179644756255309,-0.033231771632093794,B,1.0,0.8333333333333334,0.9090909090909091,1,True,0,False,False,False
2885361794,0.13997178460375317,0.18161957488556044,0.6179644756255309,-0.033231771632093794,C,1.0,1.0,1.0,0,True,0,False,False,False
1569604586,0.28949090019775275,0.41599642558965017,0.7876834150136647,-0.08628081352305277,A,0.7142857142857143,0.8333333333333334,0.7692307692307692,3,True,2,True,True,True
1569604586,0.28949090019775275,0.41599642558965017,0.7876834150136647,-0.08628081352305277,B,1.0,0.8333333333333334,0.9090909090909091,1,True,0,False,False,False
1569604586,0.28949090019775275,0.41599642558965017,0.7876834150136647,-0.08628081352305277,C,1.0,1.0,1.0,0,True,0,False,False,False
531219530,0.26716969440956384,0.35362432576348285,0.6672436450283532,0.01610368920606325,A,0.7142857142857143,0.8333333333333334,0.7692307692307692,3,True,2,True,True,True
531219530,0.26716969440956384,0.35362432576348285,0.6672436450283532,0.01610368920606325,B,1.0,0.8333333333333334,0.9090909090909091,1,True,0,False,False,False
531219530,0.26716969440956384,0.35362432576348285,0.6672436450283532,0.01610368920606325,C,1.0,1.0,1.0,0,True,0,False,False,False
3105839478,0.240072411537763,0.30789188492198727,0.5465800735786223,0.4286016270398119,A,0.7142857142857143,0.8333333333333334,0.7692307692307692,3,True,2,True,True,True
3105839478,0.240072411537763,0.30789188492198727,0.5465800735786223,0.4286016270398119,B,1.0,0.8333333333333334,0.9090909090909091,1,True,0,False,False,False
3105839478,0.240072411537763,0.30789188492198727,0.5465800735786223,0.4286016270398119,C,1.0,1.0,1.0,0,True,0,False,False,False
2844770550,0.13361422483260593,0.18629669663928194,0.49901754534529086,0.039333795272704516,A,0.7142857142857143,0.8333333333333334,0.7692307692307692,3,True,2,True,True,True
2844770550,0.13361422483260593,0.18629669663928194,0.49901754534529086,0.039333795272704516,B,1.0,0.8333333333333334,0.9090909090909091,1,True,0,False,False,False
2844770550,0.13361422483260593,0.18629669663928194,0.49901754534529086,0.039333795272704516,C,1.0,1.0,1.0,0,True,0,False,False,False
1009975303,0.28594941767378773,0.3022367493850661,0.6417259029857988,0.5871631123866466,A,0.7142857142857143,0.8333333333333334,0.7692307692307692,3,True,2,True,True,True
1009975303,0.28594941767378773,0.3022367493850661,0.6417259029857988,0.5871631123866466,B,1.0,0.8333333333333334,0.9090909090909091,1,True,0,False,False,False
1009975303,0.28594941767378773,0.3022367493850661,0.6417259029857988,0.5871631123866466,C,1.0,1.0,1.0,0,True,0,False,False,False
4168185362,0.1286654101811098,0.23334442805843297,0.5591893687761862,-0.0030804858768972696,A,0.7142857142857143,0.8333333333333334,0.7692307692307692,3,True,2,True,True,True
4168185362,0.1286654101811098,0.23334442805843297,0.5591893687761862,-0.0030804858768972696,B,1.0,0.8333333333333334,0.9090909090909091,1,True,0,False,False,False
4168185362,0.1286654101811098,0.23334442805843297,0.5591893687761862,-0.0030804858768972696,C,1.0,1.0,1.0,0,True,0,False,False,False
4142742628,0.11987200820470492,0.2533779511140777,0.5454924725023071,-0.05527316280259928,A,0.7142857142857143,0.8333333333333334,0.7692307692307692,3,True,2,True,True,True
4142742628,0.11987200820470492,0.2533779511140777,0.5454924725023071,-0.05527316280259928,B,1.0,0.8333333333333334,0.9090909090909091,1,True,0,False,False,False
4142742628,0.11987200820470492,0.2533779511140777,0.5454924725023071,-0.05527316280259928,C,1.0,1.0,1.0,0,True,0,False,False,False
4155964943,0.25906766430259814,0.33575432994123106,0.6076500175934776,0.4934260683553278,A,0.7142857142857143,0.8333333333333334,0.7692307692307692,3,True,2,True,True,True
4155964943,0.25906766430259814,0.33575432994123106,0.6076500175934776,0.4934260683553278,B,1.0,0.8333333333333334,0.9090909090909091,1,True,0,False,False,False
4155964943,0.25906766430259814,0.33575432994123106,0.6076500175934776,0.4934260683553278,C,1.0,1.0,1.0,0,True,0,False,False,False
729565496,0.25607532923277393,0.35832384882444457,0.6217081718376333,0.004798374062719525,A,0.7142857142857143,0.8333333333333334,0.7692307692307692,3,True,2,True,True,True
729565496,0.25607532923277393,0.35832384882444457,0.6217081718376333,0.004798374062719525,B,1.0,0.8333333333333334,0.9090909090909091,1,True,0,False,False,False
729565496,0.25607532923277393,0.35832384882444457,0.6217081718376333,0.004798374062719525,C,1.0,1.0,1.0,0,True,0,False,False,False
3034530876,0.14871495170673152,0.20148954721249113,0.5302843216238743,0.046083032772445624,A,0.7142857142857143,0.8333333333333334,0.7692307692307692,3,True,2,True,True,True
3034530876,0.14871495170673152,0.20148954721249113,0.5302843216238743,0.046083032772445624,B,1.0,0.8333333333333334,0.9090909090909091,1,True,0,False,False,False
3034530876,0.14871495170673152,0.20148954721249113,0.5302843216238743,0.046083032772445624,C,1.0,1.0,1.0,0,True,0,False,False,False
3740643100,0.23870414319191482,0.3099437109462812,0.5583900838336447,0.16870280273227656,A,0.7142857142857143,0.8333333333333334,0.7692307692307692,3,True,2,True,True,True
3740643100,0.23870414319191482,0.3099437109462812,0.5583900838336447,0.16870280273227656,B,1.0,0.8333333333333334,0.9090909090909091,1,True,0,False,False,False
3740643100,0.23870414319191482,0.3099437109462812,0.5583900838336447,0.16870280273227656,C,1.0,1.0,1.0,0,True,0,False,False,False
649923204,0.35353661517579876,0.4692428314426381,0.7538294379354203,-0.2069779257403092,A,0.7142857142857143,0.8333333333333334,0.7692307692307692,3,True,2,True,True,True
649923204,0.35353661517579876,0.4692428314426381,0.7538294379354203,-0.2069779257403092,B,1.0,0.8333333333333334,0.9090909090909091,1,True,0,False,False,False
649923204,0.35353661517579876,0.4692428314426381,0.7538294379354203,-0.2069779257403092,C,1.0,1.0,1.0,0,True,0,False,False,False
1494572545,0.2384943969965548,0.29817764159567706,0.6881113931633618,0.21276019629674822,A,0.7142857142857143,0.8333333333333334,0.7692307692307692,3,True,2,True,True,True
1494572545,0.2384943969965548,0.29817764159567706,0.6881113931633618,0.21276019629674822,B,1.0,0.8333333333333334,0.9090909090909091,1,True,0,False,False,False
1494572545,0.2384943969965548,0.29817764159567706,0.6881113931633618,0.21276019629674822,C,1.0,1.0,1.0,0,True,0,False,False,False
2911395563,0.15847791632113975,0.25061384290385846,0.5156926460535808,0.25430691413884005,A,0.7142857142857143,0.8333333333333334,0.7692307692307692,3,True,2,True,True,True
2911395563,0.15847791632113975,0.25061384290385846,0.5156926460535808,0.25430691413884005,B,1.0,0.8333333333333334,0.9090909090909091,1,True,0,False,False,False
2911395563,0.15847791632113975,0.25061384290385846,0.5156926460535808,0.25430691413884005,C,1.0,1.0,1.0,0,True,0,False,False,False
1039231480,0.2727071326978215,0.3625044973812382,0.5922537004935604,-0.031303381698807635,A,0.7142857142857143,0.8333333333333334,0.7692307692307692,3,True,2,True,True,True
1039231480,0.2727071326978215,0.3625044973812382,0.5922537004935604,-0.031303381698807635,B,1.0,0.8333333333333334,0.9090909090909091,1,True,0,False,False,False
1039231480,0.2727071326978215,0.3625044973812382,0.5922537004935604,-0.031303381698807635,C,1.0,1.0,1.0,0,True,0,False,False,False
2812495834,0.22835350956252545,0.3027355429430118,0.6186810279496663,0.04121858182529672,A,0.7142857142857143,0.8333333333333334,0.7692307692307692,3,True,2,True,True,True
2812495834,0.22835350956252545,0.3027355429430118,0.6186810279496663,0.04121858182529672,B,1.0,0.8333333333333334,0.9090909090909091,1,True,0,False,False,False
2812495834,0.22835350956252545,0.3027355429430118,0.6186810279496663,0.04121858182529672,C,1.0,1.0,1.0,0,True,0,False,False,False
2879629447,0.2185402371324001,0.29341605186051195,0.6852465881366541,0.14432666481323414,A,0.7142857142857143,0.8333333333333334,0.7692307692307692,3,True,2,True,True,True
2879629447,0.2185402371324001,0.29341605186051195,0.6852465881366541,0.14432666481323414,B,1.0,0.8333333333333334,0.9090909090909091,1,True,0,False,False,False
2879629447,0.2185402371324001,0.29341605186051195,0.6852465881366541,0.14432666481323414,C,1.0,1.0,1.0,0,True,0,False,False,False
592931508,0.19507062594225533,0.2557027637872408,0.5022103569968809,0.06107978269653709,A,0.7142857142857143,0.8333333333333334,0.7692307692307692,3,True,2,True,True,True
592931508,0.19507062594225533,0.2557027637872408,0.5022103569968809,0.06107978269653709,B,1.0,0.8333333333333334,0.9090909090909091,1,True,0,False,False,False
592931508,0.19507062594225533,0.2557027637872408,0.5022103569968809,0.06107978269653709,C,1.0,1.0,1.0,0,True,0,False,False,False
1480991535,0.3135566141521797,0.41879223444051267,0.8084888658643548,0.3389393477851718,A,0.7142857142857143,0.8333333333333334,0.7692307692307692,3,True,2,True,True,True
1480991535,0.3135566141521797,0.41879223444051267,0.8084888658643548,0.3389393477851718,B,1.0,0.8333333333333334,0.9090909090909091,1,True,0,False,False,False
1480991535,0.3135566141521797,0.41879223444051267,0.8084888658643548,0.3389393477851718,C,1.0,1.0,1.0,0,True,0,False,False,False
120885581,0.13885434034727473,0.19238541132006853,0.5537121278607477,0.35828730226597416,A,0.7142857142857143,0.8333333333333334,0.7692307692307692,3,True,2,True,True,True
120885581,0.13885434034727473,0.19238541132006853,0.5537121278607477,0.35828730226597416,B,1.0,0.8333333333333334,0.9090909090909091,1,True,0,False,False,False
120885581,0.13885434034727473,0.19238541132006853,0.5537121278607477,0.35828730226597416,C,1.0,1.0,1.0,0,True,0,False,False,False
1846323960,0.1940984901222228,0.2626160262701765,0.5866920133988777,0.012937076687431751,A,0.7142857142857143,0.8333333333333334,0.7692307692307692,3,True,2,True,True,True
1846323960,0.1940984901222228,0.2626160262701765,0.5866920133988777,0.012937076687431751,B,1.0,0.8333333333333334,0.9090909090909091,1,True,0,False,False,False
1846323960,0.1940984901222228,0.2626160262701765,0.5866920133988777,0.012937076687431751,C,1.0,1.0,1.0,0,True,0,False,False,False
3134697140,0.33843529877173895,0.43543591556643757,0.7293742905701774,0.10896218176086513,A,0.7142857142857143,0.8333333333333334,0.7692307692307692,3,True,2,True,True,True
3134697140,0.33843529877173895,0.43543591556643757,0.7293742905701774,0.10896218176086513,B,1.0,0.8333333333333334,0.9090909090909091,1,True,0,False,False,False
3134697140,0.33843529877173895,0.43543591556643757,0.7293742905701774,0.10896218176086513,C,1.0,1.0,1.0,0,True,0,False,False,False
2834893424,0.16180008880326302,0.2114689642041238,0.5730297113393127,-0.12385112064613056,A,0.7142857142857143,0.8333333333333334,0.7692307692307692,3,True,2,True,True,True
2834893424,0.16180008880326302,0.2114689642041238,0.5730297113393127,-0.12385112064613056,B,1.0,0.8333333333333334,0.9090909090909091,1,True,0,False,False,False
2834893424,0.16180008880326302,0.2114689642041238,0.5730297113393127,-0.12385112064613056,C,1.0,1.0,1.0,0,True,0,False,False,False
2936271290,0.3991265711741132,0.4892371364805896,0.7148346933457137,-0.030780980819955506,A,0.7142857142857143,0.8333333333333334,0.7692307692307692,3,True,2,True,True,True
2936271290,0.3991265711741132,0.4892371364805896,0.7148346933457137,-0.030780980819955506,B,1.0,0.8333333333333334,0.9090909090909091,1,True,0,False,False,False
2936271290,0.3991265711741132,0.4892371364805896,0.7148346933457137,-0.030780980819955506,C,1.0,1.0,1.0,0,True,0,False,False,False
4056633039,0.3042045776953488,0.3767641400266317,0.7472462413903246,0.3355372309186368,A,0.7142857142857143,0.8333333333333334,0.7692307692307692,3,True,2,True,True,True
4056633039,0.3042045776953488,0.3767641400266317,0.7472462413903246,0.3355372309186368,B,1.0,0.8333333333333334,0.9090909090909091,1,True,0,False,False,False
4056633039,0.3042045776953488,0.3767641400266317,0.7472462413903246,0.3355372309186368,C,1.0,1.0,1.0,0,True,0,False,False,False
40791693,0.2773880520744035,0.33326194737592646,0.6010546073596897,0.2695165872661204,A,0.7142857142857143,0.8333333333333334,0.7692307692307692,3,True,2,True,True,True
40791693,0.2773880520744035,0.33326194737592646,0.6010546073596897,0.2695165872661204,B,1.0,0.8333333333333334,0.9090909090909091,1,True,0,False,False,False
40791693,0.2773880520744035,0.33326194737592646,0.6010546073596897,0.2695165872661204,C,1.0,1.0,1.0,0,True,0,False,False,False
1623298344,0.25816228073200587,0.30132784934582857,0.6622273993304949,-0.11325379080799235,A,0.7142857142857143,0.8333333333333334,0.7692307692307692,3,True,2,True,True,True
1623298344,0.25816228073200587,0.30132784934582857,0.6622273993304949,-0.11325379080799235,B,1.0,0.8333333333333334,0.9090909090909091,1,True,0,False,False,False
1623298344,0.25816228073200587,0.30132784934582857,0.6622273993304949,-0.11325379080799235,C,1.0,1.0,1.0,0,True,0,False,False,False
884690306,0.3631517575204031,0.4514831960227216,0.7101206614395396,0.19216011406056874,A,0.7142857142857143,0.8333333333333334,0.7692307692307692,3,True,2,True,True,True
884690306,0.3631517575204031,0.4514831960227216,0.7101206614395396,0.19216011406056874,B,1.0,0.8333333333333334,0.9090909090909091,1,True,0,False,False,False
884690306,0.3631517575204031,0.4514831960227216,0.7101206614395396,0.19216011406056874,C,1.0,1.0,1.0,0,True,0,False,False,False
1289686539,0.2823479479366976,0.3738009545335867,0.6828753058670647,0.36248444725994905,A,0.7142857142857143,0.8333333333333334,0.7692307692307692,3,True,2,True,True,True
1289686539,0.2823479479366976,0.3738009545335867,0.6828753058670647,0.36248444725994905,B,1.0,0.8333333333333334,0.9090909090909091,1,True,0,False,False,False
1289686539,0.2823479479366976,0.3738009545335867,0.6828753058670647,0.36248444725994905,C,1.0,1.0,1.0,0,True,0,False,False,False
923090022,0.23087514413833787,0.3110700734730795,0.5673943714344905,-0.06811535624503116,A,0.7142857142857143,0.8333333333333334,0.7692307692307692,3,True,2,True,True,True
923090022,0.23087514413833787,0.3110700734730795,0.5673943714344905,-0.06811535624503116,B,1.0,0.8333333333333334,0.9090909090909091,1,True,0,False,False,False
923090022,0.23087514413833787,0.3110700734730795,0.5673943714344905,-0.06811535624503116,C,1.0,1.0,1.0,0,True,0,False,False,False
3364512899,0.27876922197540416,0.3566190030761735,0.7214891410294205,0.26137238479846053,A,0.7142857142857143,0.8333333333333334,0.7692307692307692,3,True,2,True,True,True
3364512899,0.27876922197540416,0.3566190030761735,0.7214891410294205,0.26137238479846053,B,1.0,0.8333333333333334,0.9090909090909091,1,True,0,False,False,False
3364512899,0.27876922197540416,0.3566190030761735,0.7214891410294205,0.26137238479846053,C,1.0,1.0,1.0,0,True,0,False,False,False
961708075,0.24003349534278376,0.3189227423631986,0.7118403852238656,0.31685021204817954,A,0.7142857142857143,0.8333333333333334,0.7692307692307692,3,True,2,True,True,True
961708075,0.24003349534278376,0.3189227423631986,0.7118403852238656,0.31685021204817954,B,1.0,0.8333333333333334,0.9090909090909091,1,True,0,False,False,False
961708075,0.24003349534278376,0.3189227423631986,0.7118403852238656,0.31685021204817954,C,1.0,1.0,1.0,0,True,0,False,False,False
3585554259,0.21701244199499983,0.27303749862287063,0.5611521543287303,0.2124101494575778,A,0.7142857142857143,0.8333333333333334,0.7692307692307692,3,True,2,True,True,True
3585554259,0.21701244199499983,0.27303749862287063,0.5611521543287303,0.2124101494575778,B,1.0,0.8333333333333334,0.9090909090909091,1,True,0,False,False,False
3585554259,0.21701244199499983,0.27303749862287063,0.5611521543287303,0.2124101494575778,C,1.0,1.0,1.0,0,True,0,False,False,False
3142802096,0.2795039485826703,0.3699746217392089,0.5529718837970389,-0.15719246064717232,A,0.7142857142857143,0.8333333333333334,0.7692307692307692,3,True,2,True,True,True
3142802096,0.2795039485826703,0.3699746217392089,0.5529718837970389,-0.15719246064717232,B,1.0,0.8333333333333334,0.9090909090909091,1,True,0,False,False,False
3142802096,0.2795039485826703,0.3699746217392089,0.5529718837970389,-0.15719246064717232,C,1.0,1.0,1.0,0,True,0,False,False,False
1187093928,0.3342270780776247,0.37425225490126085,0.7353200941870425,0.3540287443068527,A,0.7142857142857143,0.8333333333333334,0.7692307692307692,3,True,2,True,True,True
1187093928,0.3342270780776247,0.37425225490126085,0.7353200941870425,0.3540287443068527,B,1.0,0.8333333333333334,0.9090909090909091,1,True,0,False,False,False
1187093928,0.3342270780776247,0.37425225490126085,0.7353200941870425,0.3540287443068527,C,1.0,1.0,1.0,0,True,0,False,False,False
1492958085,0.35714666492260416,0.4589796206907233,0.7741767171871958,0.0026602020147281085,A,0.7142857142857143,0.8333333333333334,0.7692307692307692,3,True,2,True,True,True
1492958085,0.35714666492260416,0.4589796206907233,0.7741767171871958,0.0026602020147281085,B,1.0,0.8333333333333334,0.9090909090909091,1,True,0,False,False,False
1492958085,0.35714666492260416,0.4589796206907233,0.7741767171871958,0.0026602020147281085,C,1.0,1.0,1.0,0,True,0,False,False,False
422900096,0.27457910079643516,0.3198078855815769,0.673720466395247,0.12496771089775774,A,0.7142857142857143,0.8333333333333334,0.7692307692307692,3,True,2,True,True,True
422900096,0.27457910079643516,0.3198078855815769,0.673720466395247,0.12496771089775774,B,1.0,0.8333333333333334,0.9090909090909091,1,True,0,False,False,False
422900096,0.27457910079643516,0.3198078855815769,0.673720466395247,0.12496771089775774,C,1.0,1.0,1.0,0,True,0,False,False,False
396478402,0.3089985871398843,0.3615179756620675,0.6046708727357294,-0.07993581451094824,A,0.7142857142857143,0.8333333333333334,0.7692307692307692,3,True,2,True,True,True
396478402,0.3089985871398843,0.3615179756620675,0.6046708727357294,-0.07993581451094824,B,1.0,0.8333333333333334,0.9090909090909091,1,True,0,False,False,False
396478402,0.3089985871398843,0.3615179756620675,0.6046708727357294,-0.07993581451094824,C,1.0,1.0,1.0,0,True,0,False,False,False
889524364,0.3126988829856962,0.41867601326380866,0.690613379939388,-0.08941266254797227,A,0.7142857142857143,0.8333333333333334,0.7692307692307692,3,True,2,True,True,True
889524364,0.3126988829856962,0.41867601326380866,0.690613379939388,-0.08941266254797227,B,1.0,0.8333333333333334,0.9090909090909091,1,True,0,False,False,False
889524364,0.3126988829856962,0.41867601326380866,0.690613379939388,-0.08941266254797227,C,1.0,1.0,1.0,0,True,0,False,False,False
1595216044,0.2772549781983457,0.3217901274215206,0.6199160592796051,0.24522477753655847,A,0.7142857142857143,0.8333333333333334,0.7692307692307692,3,True,2,True,True,True
1595216044,0.2772549781983457,0.3217901274215206,0.6199160592796051,0.24522477753655847,B,1.0,0.8333333333333334,0.9090909090909091,1,True,0,False,False,False
1595216044,0.2772549781983457,0.3217901274215206,0.6199160592796051,0.24522477753655847,C,1.0,1.0,1.0,0,True,0,False,False,False
2599590966,0.292558240760656,0.3744279757131272,0.7636054984849956,0.4044839187904523,A,0.7142857142857143,0.8333333333333334,0.7692307692307692,3,True,2,True,True,True
2599590966,0.292558240760656,0.3744279757131272,0.7636054984849956,0.4044839187904523,B,1.0,0.8333333333333334,0.9090909090909091,1,True,0,False,False,False
2599590966,0.292558240760656,0.3744279757131272,0.7636054984849956,0.4044839187904523,C,1.0,1.0,1.0,0,True,0,False,False,False
3269580802,0.33536961698615075,0.4356815488827795,0.7077650276030686,0.5151208797303917,A,0.7142857142857143,0.8333333333333334,0.7692307692307692,3,True,2,True,True,True
3269580802,0.33536961698615075,0.4356815488827795,0.7077650276030686,0.5151208797303917,B,1.0,0.8333333333333334,0.9090909090909091,1,True,0,False,False,False
3269580802,0.33536961698615075,0.4356815488827795,0.7077650276030686,0.5151208797303917,C,1.0,1.0,1.0,0,True,0,False,False,False
14167089,0.2674623730740511,0.3414150399892512,0.6492056232167899,0.22978700134757563,A,0.7142857142857143,0.8333333333333334,0.7692307692307692,3,True,2,True,True,True
14167089,0.2674623730740511,0.3414150399892512,0.6492056232167899,0.22978700134757563,B,1.0,0.8333333333333334,0.9090909090909091,1,True,0,False,False,False
14167089,0.2674623730740511,0.3414150399892512,0.6492056232167899,0.22978700134757563,C,1.0,1.0,1.0,0,True,0,False,False,False
577054812,0.3169306091516316,0.3811587019645511,0.7061498396374577,-0.11543453354129009,A,0.7142857142857143,0.8333333333333334,0.7692307692307692,3,True,2,True,True,True
577054812,0.3169306091516316,0.3811587019645511,0.7061498396374577,-0.11543453354129009,B,1.0,0.8333333333333334,0.9090909090909091,1,True,0,False,False,False
577054812,0.3169306091516316,0.3811587019645511,0.7061498396374577,-0.11543453354129009,C,1.0,1.0,1.0,0,True,0,False,False,False
4122415139,0.26064791770077195,0.3620717729455852,0.6669857156773544,0.19453664625387065,A,0.7142857142857143,0.8333333333333334,0.7692307692307692,3,True,2,True,True,True
4122415139,0.26064791770077195,0.3620717729455852,0.6669857156773544,0.19453664625387065,B,1.0,0.8333333333333334,0.9090909090909091,1,True,0,False,False,False
4122415139,0.26064791770077195,0.3620717729455852,0.6669857156773544,0.19453664625387065,C,1.0,1.0,1.0,0,True,0,False,False,False
703164042,0.32984316812874975,0.35678314090058005,0.6399025757187865,0.06439911137041181,A,0.7142857142857143,0.8333333333333334,0.7692307692307692,3,True,2,True,True,True
703164042,0.32984316812874975,0.35678314090058005,0.6399025757187865,0.06439911137041181,B,1.0,0.8333333333333334,0.9090909090909091,1,True,0,False,False,False
703164042,0.32984316812874975,0.35678314090058005,0.6399025757187865,0.06439911137041181,C,1.0,1.0,1.0,0,True,0,False,False,False
3193229661,0.2080155477359111,0.3234471150601339,0.6363299725584769,0.12223300904394856,A,0.7142857142857143,0.8333333333333334,0.7692307692307692,3,True,2,True,True,True
3193229661,0.2080155477359111,0.3234471150601339,0.6363299725584769,0.12223300904394856,B,1.0,0.8333333333333334,0.9090909090909091,1,True,0,False,False,False
3193229661,0.2080155477359111,0.3234471150601339,0.6363299725584769,0.12223300904394856,C,1.0,1.0,1.0,0,True,0,False,False,False
2841716504,0.1982180380011252,0.2552178123559845,0.6058215097674585,0.004159898804591393,A,0.7142857142857143,0.8333333333333334,0.7692307692307692,3,True,2,True,True,True
2841716504,0.1982180380011252,0.2552178123559845,0.6058215097674585,0.004159898804591393,B,1.0,0.8333333333333334,0.9090909090909091,1,True,0,False,False,False
2841716504,0.1982180380011252,0.2552178123559845,0.6058215097674585,0.004159898804591393,C,1.0,1.0,1.0,0,True,0,False,False,False
258417347,0.16220097314828563,0.21411743831274008,0.4660270374794209,0.31856305868439305,A,0.7142857142857143,0.8333333333333334,0.7692307692307692,3,True,2,True,True,True
258417347,0.16220097314828563,0.21411743831274008,0.4660270374794209,0.31856305868439305,B,1.0,0.8333333333333334,0.9090909090909091,1,True,0,False,False,False
258417347,0.16220097314828563,0.21411743831274008,0.4660270374794209,0.31856305868439305,C,1.0,1.0,1.0,0,True,0,False,False,False
1952754055,0.25094423598689525,0.3709700318631723,0.6515033899895306,-0.06081754969494843,A,0.7142857142857143,0.8333333333333334,0.7692307692307692,3,True,2,True,True,True
1952754055,0.25094423598689525,0.3709700318631723,0.6515033899895306,-0.06081754969494843,B,1.0,0.8333333333333334,0.9090909090909091,1,True,0,False,False,False
1952754055,0.25094423598689525,0.3709700318631723,0.6515033899895306,-0.06081754969494843,C,1.0,1.0,1.0,0,True,0,False,False,False
4035577571,0.2125961004521337,0.2726907364574458,0.5691833475889903,0.22348810344979517,A,0.7142857142857143,0.8333333333333334,0.7692307692307692,3,True,2,True,True,True
4035577571,0.2125961004521337,0.2726907364574458,0.5691833475889903,0.22348810344979517,B,1.0,0.8333333333333334,0.9090909090909091,1,True,0,False,False,False
4035577571,0.2125961004521337,0.2726907364574458,0.5691833475889903,0.22348810344979517,C,1.0,1.0,1.0,0,True,0,False,False,False
899400162,0.2679859937771584,0.34838168429690847,0.6674843544963498,0.2680702265549243,A,0.7142857142857143,0.8333333333333334,0.7692307692307692,3,True,2,True,True,True
899400162,0.2679859937771584,0.34838168429690847,0.6674843544963498,0.2680702265549243,B,1.0,0.8333333333333334,0.9090909090909091,1,True,0,False,False,False
899400162,0.2679859937771584,0.34838168429690847,0.6674843544963498,0.2680702265549243,C,1.0,1.0,1.0,0,True,0,False,False,False
4278339702,0.3931182435147926,0.4779516637534562,0.7283352161202445,0.07425153892355751,A,0.7142857142857143,0.8333333333333334,0.7692307692307692,3,True,2,True,True,True
4278339702,0.3931182435147926,0.4779516637534562,0.7283352161202445,0.07425153892355751,B,1.0,0.8333333333333334,0.9090909090909091,1,True,0,False,False,False
4278339702,0.3931182435147926,0.4779516637534562,0.7283352161202445,0.07425153892355751,C,1.0,1.0,1.0,0,True,0,False,False,False
2485363776,0.17265180011477305,0.2264925707875164,0.46196482145588386,0.0019435809799558746,A,0.7142857142857143,0.8333333333333334,0.7692307692307692,3,True,2,True,True,True
2485363776,0.17265180011477305,0.2264925707875164,0.46196482145588386,0.0019435809799558746,B,1.0,0.8333333333333334,0.9090909090909091,1,True,0,False,False,False
2485363776,0.17265180011477305,0.2264925707875164,0.46196482145588386,0.0019435809799558746,C,1.0,1.0,1.0,0,True,0,False,False,False
2406773501,0.2766450436842012,0.3233483789080665,0.606418478350505,0.2915113273704607,A,0.7142857142857143,0.8333333333333334,0.7692307692307692,3,True,2,True,True,True
2406773501,0.2766450436842012,0.3233483789080665,0.606418478350505,0.2915113273704607,B,1.0,0.8333333333333334,0.9090909090909091,1,True,0,False,False,False
2406773501,0.2766450436842012,0.3233483789080665,0.606418478350505,0.2915113273704607,C,1.0,1.0,1.0,0,True,0,False,False,False
2791277286,0.2333728264766034,0.2953491663735977,0.5820080141377667,-0.35665075154129455,A,0.7142857142857143,0.8333333333333334,0.7692307692307692,3,True,2,True,True,True
2791277286,0.2333728264766034,0.2953491663735977,0.5820080141377667,-0.35665075154129455,B,1.0,0.8333333333333334,0.9090909090909091,1,True,0,False,False,False
2791277286,0.2333728264766034,0.2953491663735977,0.5820080141377667,-0.35665075154129455,C,1.0,1.0,1.0,0,True,0,False,False,False
2050320305,0.153243900383896,0.22467245282640957,0.57055172296426,-0.0037698004499881477,A,0.7142857142857143,0.8333333333333334,0.7692307692307692,3,True,2,True,True,True
2050320305,0.153243900383896,0.22467245282640957,0.57055172296426,-0.0037698004499881477,B,1.0,0.8333333333333334,0.9090909090909091,1,True,0,False,False,False
2050320305,0.153243900383896,0.22467245282640957,0.57055172296426,-0.0037698004499881477,C,1.0,1.0,1.0,0,True,0,False,False,False
3909639147,0.1867598353875316,0.25147804107569927,0.5662426999191531,0.08053146982636897,A,0.7142857142857143,0.8333333333333334,0.7692307692307692,3,True,2,True,True,True
3909639147,0.1867598353875316,0.25147804107569927,0.5662426999191531,0.08053146982636897,B,1.0,0.8333333333333334,0.9090909090909091,1,True,0,False,False,False
3909639147,0.1867598353875316,0.25147804107569927,0.5662426999191531,0.08053146982636897,C,1.0,1.0,1.0,0,True,0,False,False,False
544509085,0.314176302370526,0.3856598028870957,0.6445200933005669,0.16090981796619822,A,0.7142857142857143,0.8333333333333334,0.7692307692307692,3,True,2,True,True,True
544509085,0.314176302370526,0.3856598028870957,0.6445200933005669,0.16090981796619822,B,1.0,0.8333333333333334,0.9090909090909091,1,True,0,False,False,False
544509085,0.314176302370526,0.3856598028870957,0.6445200933005669,0.16090981796619822,C,1.0,1.0,1.0,0,True,0,False,False,False
855475652,0.2625158087967501,0.35274993570109175,0.6573105662028295,0.5309366724680716,A,0.7142857142857143,0.8333333333333334,0.7692307692307692,3,True,2,True,True,True
855475652,0.2625158087967501,0.35274993570109175,0.6573105662028295,0.5309366724680716,B,1.0,0.8333333333333334,0.9090909090909091,1,True,0,False,False,False
855475652,0.2625158087967501,0.35274993570109175,0.6573105662028295,0.5309366724680716,C,1.0,1.0,1.0,0,True,0,False,False,False
77553099,0.2877842831895233,0.4100250753749794,0.7282963089019057,-0.024814326892394854,A,0.7142857142857143,0.8333333333333334,0.7692307692307692,3,True,2,True,True,True
77553099,0.2877842831895233,0.4100250753749794,0.7282963089019057,-0.024814326892394854,B,1.0,0.8333333333333334,0.9090909090909091,1,True,0,False,False,False
77553099,0.2877842831895233,0.4100250753749794,0.7282963089019057,-0.024814326892394854,C,1.0,1.0,1.0,0,True,0,False,False,False
1575291014,0.23655098012606524,0.34440584736710517,0.6360323872896737,0.4067886919958884,A,0.7142857142857143,0.8333333333333334,0.7692307692307692,3,True,2,True,True,True
1575291014,0.23655098012606524,0.34440584736710517,0.6360323872896737,0.4067886919958884,B,1.0,0.8333333333333334,0.9090909090909091,1,True,0,False,False,False
1575291014,0.23655098012606524,0.34440584736710517,0.6360323872896737,0.4067886919958884,C,1.0,1.0,1.0,0,True,0,False,False,False
3336307157,0.23575153804012072,0.3401272365502889,0.6203558347752334,0.03697762963966905,A,0.7142857142857143,0.8333333333333334,0.7692307692307692,3,True,2,True,True,True
3336307157,0.23575153804012072,0.3401272365502889,0.6203558347752334,0.03697762963966905,B,1.0,0.8333333333333334,0.9090909090909091,1,True,0,False,False,False
3336307157,0.23575153804012072,0.3401272365502889,0.6203558347752334,0.03697762963966905,C,1.0,1.0,1.0,0,True,0,False,False,False
2402954307,0.1994752061012426,0.2934729943810908,0.5770695475403682,0.6000668886758138,A,0.7142857142857143,0.8333333333333334,0.7692307692307692,3,True,2,True,True,True
2402954307,0.1994752061012426,0.2934729943810908,0.5770695475403682,0.6000668886758138,B,1.0,0.8333333333333334,0.9090909090909091,1,True,0,False,False,False
2402954307,0.1994752061012426,0.2934729943810908,0.5770695475403682,0.6000668886758138,C,1.0,1.0,1.0,0,True,0,False,False,False
3567446470,0.29463727430348824,0.40698347548916036,0.6621800279013887,0.12386691824431457,A,0.7142857142857143,0.8333333333333334,0.7692307692307692,3,True,2,True,True,True
3567446470,0.29463727430348824,0.40698347548916036,0.6621800279013887,0.12386691824431457,B,1.0,0.8333333333333334,0.9090909090909091,1,True,0,False,False,False
3567446470,0.29463727430348824,0.40698347548916036,0.6621800279013887,0.12386691824431457,C,1.0,1.0,1.0,0,True,0,False,False,False
1392864998,0.26187971233488755,0.3176705329663117,0.5778452073239351,0.5228307276113932,A,0.7142857142857143,0.8333333333333334,0.7692307692307692,3,True,2,True,True,True
1392864998,0.26187971233488755,0.3176705329663117,0.5778452073239351,0.5228307276113932,B,1.0,0.8333333333333334,0.9090909090909091,1,True,0,False,False,False
1392864998,0.26187971233488755,0.3176705329663117,0.5778452073239351,0.5228307276113932,C,1.0,1.0,1.0,0,True,0,False,False,False
3948264764,0.21427906060138568,0.3145979964539578,0.6091597346767288,0.2747248756882059,A,0.7142857142857143,0.8333333333333334,0.7692307692307692,3,True,2,True,True,True
3948264764,0.21427906060138568,0.3145979964539578,0.6091597346767288,0.2747248756882059,B,1.0,0.8333333333333334,0.9090909090909091,1,True,0,False,False,False
3948264764,0.21427906060138568,0.3145979964539578,0.6091597346767288,0.2747248756882059,C,1.0,1.0,1.0,0,True,0,False,False,False
1455069123,0.2854051894234367,0.3489798759592628,0.605370093666381,0.39726568366377935,A,0.7142857142857143,0.8333333333333334,0.7692307692307692,3,True,2,True,True,True
1455069123,0.2854051894234367,0.3489798759592628,0.605370093666381,0.39726568366377935,B,1.0,0.8333333333333334,0.9090909090909091,1,True,0,False,False,False
1455069123,0.2854051894234367,0.3489798759592628,0.605370093666381,0.39726568366377935,C,1.0,1.0,1.0,0,True,0,False,False,False
1565202047,0.19585434443190844,0.3056072221240867,0.6587894107497374,0.4021175447259382,A,0.7142857142857143,0.8333333333333334,0.7692307692307692,3,True,2,True,True,True
1565202047,0.19585434443190844,0.3056072221240867,0.6587894107497374,0.4021175447259382,B,1.0,0.8333333333333334,0.9090909090909091,1,True,0,False,False,False
1565202047,0.19585434443190844,0.3056072221240867,0.6587894107497374,0.4021175447259382,C,1.0,1.0,1.0,0,True,0,False,False,False
2410111940,0.1741100058916267,0.27352183294970195,0.575800815045892,0.039427490788938556,A,0.7142857142857143,0.8333333333333334,0.7692307692307692,3,True,2,True,True,True
2410111940,0.1741100058916267,0.27352183294970195,0.575800815045892,0.039427490788938556,B,1.0,0.8333333333333334,0.9090909090909091,1,True,0,False,False,False
2410111940,0.1741100058916267,0.27352183294970195,0.575800815045892,0.039427490788938556,C,1.0,1.0,1.0,0,True,0,False,False,False
4084831216,0.18704833320665276,0.28017207716875275,0.5914956947046854,0.37061533404375147,A,0.7142857142857143,0.8333333333333334,0.7692307692307692,3,True,2,True,True,True
4084831216,0.18704833320665276,0.28017207716875275,0.5914956947046854,0.37061533404375147,B,1.0,0.8333333333333334,0.9090909090909091,1,True,0,False,False,False
4084831216,0.18704833320665276,0.28017207716875275,0.5914956947046854,0.37061533404375147,C,1.0,1.0,1.0,0,True,0,False,False,False
96492665,0.2599341195046412,0.3606354303974054,0.6659962595722567,0.04219972659384213,A,0.7142857142857143,0.8333333333333334,0.7692307692307692,3,True,2,True,True,True
96492665,0.2599341195046412,0.3606354303974054,0.6659962595722567,0.04219972659384213,B,1.0,0.8333333333333334,0.9090909090909091,1,True,0,False,False,False
96492665,0.2599341195046412,0.3606354303974054,0.6659962595722567,0.04219972659384213,C,1.0,1.0,1.0,0,True,0,False,False,False
1474747042,0.3060462771085274,0.39832161785995046,0.6572537385507458,0.4007689772935075,A,0.7142857142857143,0.8333333333333334,0.7692307692307692,3,True,2,True,True,True
1474747042,0.3060462771085274,0.39832161785995046,0.6572537385507458,0.4007689772935075,B,1.0,0.8333333333333334,0.9090909090909091,1,True,0,False,False,False
1474747042,0.3060462771085274,0.39832161785995046,0.6572537385507458,0.4007689772935075,C,1.0,1.0,1.0,0,True,0,False,False,False
2724367489,0.2925363214535075,0.35352314319253536,0.6902903207105083,0.037776735688394514,A,0.7142857142857143,0.8333333333333334,0.7692307692307692,3,True,2,True,True,True
2724367489,0.2925363214535075,0.35352314319253536,0.6902903207105083,0.037776735688394514,B,1.0,0.8333333333333334,0.9090909090909091,1,True,0,False,False,False
2724367489,0.2925363214535075,0.35352314319253536,0.6902903207105083,0.037776735688394514,C,1.0,1.0,1.0,0,True,0,False,False,False
2079857681,0.29838822588965513,0.3556228050117167,0.6651482491627828,-0.2639455491669091,A,0.7142857142857143,0.8333333333333334,0.7692307692307692,3,True,2,True,True,True
2079857681,0.29838822588965513,0.3556228050117167,0.6651482491627828,-0.2639455491669091,B,1.0,0.8333333333333334,0.9090909090909091,1,True,0,False,False,False
2079857681,0.29838822588965513,0.3556228050117167,0.6651482491627828,-0.2639455491669091,C,1.0,1.0,1.0,0,True,0,False,False,False
3756006361,0.32480136247556435,0.411165297029486,0.6468529476383142,0.35988008496021673,A,0.7142857142857143,0.8333333333333334,0.7692307692307692,3,True,2,True,True,True
3756006361,0.32480136247556435,0.411165297029486,0.6468529476383142,0.35988008496021673,B,1.0,0.8333333333333334,0.9090909090909091,1,True,0,False,False,False
3756006361,0.32480136247556435,0.411165297029486,0.6468529476383142,0.35988008496021673,C,1.0,1.0,1.0,0,True,0,False,False,False
3397695632,0.18266597343476626,0.2861126308797884,0.6700358520777568,0.13275393791297477,A,0.7142857142857143,0.8333333333333334,0.7692307692307692,3,True,2,True,True,True
3397695632,0.18266597343476626,0.2861126308797884,0.6700358520777568,0.13275393791297477,B,1.0,0.8333333333333334,0.9090909090909091,1,True,0,False,False,False
3397695632,0.18266597343476626,0.2861126308797884,0.6700358520777568,0.13275393791297477,C,1.0,1.0,1.0,0,True,0,False,False,False
1922768888,0.23859663724606614,0.33802454622113526,0.7034285976463849,-0.05759997164710216,A,0.7142857142857143,0.8333333333333334,0.7692307692307692,3,True,2,True,True,True
1922768888,0.23859663724606614,0.33802454622113526,0.7034285976463849,-0.05759997164710216,B,1.0,0.8333333333333334,0.9090909090909091,1,True,0,False,False,False
1922768888,0.23859663724606614,0.33802454622113526,0.7034285976463849,-0.05759997164710216,C,1.0,1.0,1.0,0,True,0,False,False,False
2316754975,0.305316009044622,0.41670057176755027,0.7391933018425353,0.22028698455334375,A,0.7142857142857143,0.8333333333333334,0.7692307692307692,3,True,2,True,True,True
2316754975,0.305316009044622,0.41670057176755027,0.7391933018425353,0.22028698455334375,B,1.0,0.8333333333333334,0.9090909090909091,1,True,0,False,False,False
2316754975,0.305316009044622,0.41670057176755027,0.7391933018425353,0.22028698455334375,C,1.0,1.0,1.0,0,True,0,False,False,False
1994637978,0.23257649426558671,0.3087218219282191,0.5621764217428948,-0.2213295775533343,A,0.7142857142857143,0.8333333333333334,0.7692307692307692,3,True,2,True,True,True
1994637978,0.23257649426558671,0.3087218219282191,0.5621764217428948,-0.2213295775533343,B,1.0,0.8333333333333334,0.9090909090909091,1,True,0,False,False,False
1994637978,0.23257649426558671,0.3087218219282191,0.5621764217428948,-0.2213295775533343,C,1.0,1.0,1.0,0,True,0,False,False,False
2252711009,0.16890891674042954,0.2360066899130481,0.5681929871351625,0.2226724936112998,A,0.7142857142857143,0.8333333333333334,0.7692307692307692,3,True,2,True,True,True
2252711009,0.16890891674042954,0.2360066899130481,0.5681929871351625,0.2226724936112998,B,1.0,0.8333333333333334,0.9090909090909091,1,True,0,False,False,False
2252711009,0.16890891674042954,0.2360066899130481,0.5681929871351625,0.2226724936112998,C,1.0,1.0,1.0,0,True,0,False,False,False
2270422192,0.1414009512818473,0.21967323207769957,0.6608406226721978,0.2660305063803151,A,0.7142857142857143,0.8333333333333334,0.7692307692307692,3,True,2,True,True,True
2270422192,0.1414009512818473,0.21967323207769957,0.6608406226721978,0.2660305063803151,B,1.0,0.8333333333333334,0.9090909090909091,1,True,0,False,False,False
2270422192,0.1414009512818473,0.21967323207769957,0.6608406226721978,0.2660305063803151,C,1.0,1.0,1.0,0,True,0,False,False,False
3831633163,0.2447525870242954,0.32030484999782555,0.5909620583419255,0.3828131234907959,A,0.7142857142857143,0.8333333333333334,0.7692307692307692,3,True,2,True,True,True
3831633163,0.2447525870242954,0.32030484999782555,0.5909620583419255,0.3828131234907959,B,1.0,0.8333333333333334,0.9090909090909091,1,True,0,False,False,False
3831633163,0.2447525870242954,0.32030484999782555,0.5909620583419255,0.3828131234907959,C,1.0,1.0,1.0,0,True,0,False,False,False
3174265674,0.13948852723488872,0.23507620755404054,0.5849478663883911,0.27389756212835314,A,0.7142857142857143,0.8333333333333334,0.7692307692307692,3,True,2,True,True,True
3174265674,0.13948852723488872,0.23507620755404054,0.5849478663883911,0.27389756212835314,B,1.0,0.8333333333333334,0.9090909090909091,1,True,0,False,False,False
3174265674,0.13948852723488872,0.23507620755404054,0.5849478663883911,0.27389756212835314,C,1.0,1.0,1.0,0,True,0,False,False,False
2369199811,0.2219622686239493,0.2549193301072399,0.5904505681807467,0.2928746522338257,A,0.7142857142857143,0.8333333333333334,0.7692307692307692,3,True,2,True,True,True
2369199811,0.2219622686239493,0.2549193301072399,0.5904505681807467,0.2928746522338257,B,1.0,0.8333333333333334,0.9090909090909091,1,True,0,False,False,False
2369199811,0.2219622686239493,0.2549193301072399,0.5904505681807467,0.2928746522338257,C,1.0,1.0,1.0,0,True,0,False,False,False
305193043,0.15979477306515494,0.2631614844340398,0.508479754668448,0.1786690051369213,A,0.7142857142857143,0.8333333333333334,0.7692307692307692,3,True,2,True,True,True
305193043,0.15979477306515494,0.2631614844340398,0.508479754668448,0.1786690051369213,B,1.0,0.8333333333333334,0.9090909090909091,1,True,0,False,False,False
305193043,0.15979477306515494,0.2631614844340398,0.508479754668448,0.1786690051369213,C,1.0,1.0,1.0,0,True,0,False,False,False
1111992014,0.12217185832728159,0.1915469330984157,0.5120047732524359,0.007793316117404735,A,0.7142857142857143,0.8333333333333334,0.7692307692307692,3,True,2,True,True,True
1111992014,0.12217185832728159,0.1915469330984157,0.5120047732524359,0.007793316117404735,B,1.0,0.8333333333333334,0.9090909090909091,1,True,0,False,False,False
1111992014,0.12217185832728159,0.1915469330984157,0.5120047732524359,0.007793316117404735,C,1.0,1.0,1.0,0,True,0,False,False,False
2578115347,0.2644688024042415,0.35427382525874296,0.6906514727017927,0.6450399988351256,A,0.7142857142857143,0.8333333333333334,0.7692307692307692,3,True,2,True,True,True
2578115347,0.2644688024042415,0.35427382525874296,0.6906514727017927,0.6450399988351256,B,1.0,0.8333333333333334,0.9090909090909091,1,True,0,False,False,False
2578115347,0.2644688024042415,0.35427382525874296,0.6906514727017927,0.6450399988351256,C,1.0,1.0,1.0,0,True,0,False,False,False
2109378494,0.14951559267675268,0.24211598088552855,0.4809645946711133,0.18660240543020756,A,0.7142857142857143,0.8333333333333334,0.7692307692307692,3,True,2,True,True,True
2109378494,0.14951559267675268,0.24211598088552855,0.4809645946711133,0.18660240543020756,B,1.0,0.8333333333333334,0.9090909090909091,1,True,0,False,False,False
2109378494,0.14951559267675268,0.24211598088552855,0.4809645946711133,0.18660240543020756,C,1.0,1.0,1.0,0,True,0,False,False,False
3187159835,0.24998612500664974,0.3283686520661677,0.6458897046812162,-0.0018809646954795133,A,0.7142857142857143,0.8333333333333334,0.7692307692307692,3,True,2,True,True,True
3187159835,0.24998612500664974,0.3283686520661677,0.6458897046812162,-0.0018809646954795133,B,1.0,0.8333333333333334,0.9090909090909091,1,True,0,False,False,False
3187159835,0.24998612500664974,0.3283686520661677,0.6458897046812162,-0.0018809646954795133,C,1.0,1.0,1.0,0,True,0,False,False,False
1601747089,0.2616153534846167,0.33541431396036664,0.7049103266166276,-0.06970922452117545,A,0.7142857142857143,0.8333333333333334,0.7692307692307692,3,True,2,True,True,True
1601747089,0.2616153534846167,0.33541431396036664,0.7049103266166276,-0.06970922452117545,B,1.0,0.8333333333333334,0.9090909090909091,1,True,0,False,False,False
1601747089,0.2616153534846167,0.33541431396036664,0.7049103266166276,-0.06970922452117545,C,1.0,1.0,1.0,0,True,0,False,False,False
3511213169,0.23239391970558637,0.34191151524497093,0.6592264193609902,0.3603149824116065,A,0.7142857142857143,0.8333333333333334,0.7692307692307692,3,True,2,True,True,True
3511213169,0.23239391970558637,0.34191151524497093,0.6592264193609902,0.3603149824116065,B,1.0,0.8333333333333334,0.9090909090909091,1,True,0,False,False,False
3511213169,0.23239391970558637,0.34191151524497093,0.6592264193609902,0.3603149824116065,C,1.0,1.0,1.0,0,True,0,False,False,False
576423823,0.2468049847903333,0.32861018505153944,0.6856153912919332,0.007216685086596003,A,0.7142857142857143,0.8333333333333334,0.7692307692307692,3,True,2,True,True,True
576423823,0.2468049847903333,0.32861018505153944,0.6856153912919332,0.007216685086596003,B,1.0,0.8333333333333334,0.9090909090909091,1,True,0,False,False,False
576423823,0.2468049847903333,0.32861018505153944,0.6856153912919332,0.007216685086596003,C,1.0,1.0,1.0,0,True,0,False,False,False
1782891303,0.2441926847340156,0.34156088678735114,0.6911758081351896,0.10360704406455677,A,0.7142857142857143,0.8333333333333334,0.7692307692307692,3,True,2,True,True,True
1782891303,0.2441926847340156,0.34156088678735114,0.6911758081351896,0.10360704406455677,B,1.0,0.8333333333333334,0.9090909090909091,1,True,0,False,False,False
1782891303,0.2441926847340156,0.34156088678735114,0.6911758081351896,0.10360704406455677,C,1.0,1.0,1.0,0,True,0,False,False,False
1045942366,0.19246150956723765,0.26920677899599604,0.5842237746069826,0.06681065579127893,A,0.7142857142857143,0.8333333333333334,0.7692307692307692,3,True,2,True,True,True
1045942366,0.19246150956723765,0.26920677899599604,0.5842237746069826,0.06681065579127893,B,1.0,0.8333333333333334,0.9090909090909091,1,True,0,False,False,False
1045942366,0.19246150956723765,0.26920677899599604,0.5842237746069826,0.06681065579127893,C,1.0,1.0,1.0,0,True,0,False,False,False
3141661240,0.2863212070980295,0.34579966037978943,0.6453126249276653,-0.0016333326595170572,A,0.7142857142857143,0.8333333333333334,0.7692307692307692,3,True,2,True,True,True
3141661240,0.2863212070980295,0.34579966037978943,0.6453126249276653,-0.0016333326595170572,B,1.0,0.8333333333333334,0.9090909090909091,1,True,0,False,False,False
3141661240,0.2863212070980295,0.34579966037978943,0.6453126249276653,-0.0016333326595170572,C,1.0,1.0,1.0,0,True,0,False,False,False
870052415,0.1946913925098391,0.2849883852420921,0.6212419999951412,0.15409876449621318,A,0.7142857142857143,0.8333333333333334,0.7692307692307692,3,True,2,True,True,True
870052415,0.1946913925098391,0.2849883852420921,0.6212419999951412,0.15409876449621318,B,1.0,0.8333333333333334,0.9090909090909091,1,True,0,False,False,False
870052415,0.1946913925098391,0.2849883852420921,0.6212419999951412,0.15409876449621318,C,1.0,1.0,1.0,0,True,0,False,False,False
805007384,0.32990060642856955,0.43658198516495045,0.6979632093958057,0.2168526271737643,A,0.7142857142857143,0.8333333333333334,0.7692307692307692,3,True,2,True,True,True
805007384,0.32990060642856955,0.43658198516495045,0.6979632093958057,0.2168526271737643,B,1.0,0.8333333333333334,0.9090909090909091,1,True,0,False,False,False
805007384,0.32990060642856955,0.43658198516495045,0.6979632093958057,0.2168526271737643,C,1.0,1.0,1.0,0,True,0,False,False,False
1811036827,0.21548109127947573,0.287564947208247,0.7224551986666544,0.24263687639115836,A,0.7142857142857143,0.8333333333333334,0.7692307692307692,3,True,2,True,True,True
1811036827,0.21548109127947573,0.287564947208247,0.7224551986666544,0.24263687639115836,B,1.0,0.8333333333333334,0.9090909090909091,1,True,0,False,False,False
1811036827,0.21548109127947573,0.287564947208247,0.7224551986666544,0.24263687639115836,C,1.0,1.0,1.0,0,True,0,False,False,False
3849343497,0.2449496276574525,0.31127691988297324,0.6397863502006442,0.2519212035655538,A,0.7142857142857143,0.8333333333333334,0.7692307692307692,3,True,2,True,True,True
3849343497,0.2449496276574525,0.31127691988297324,0.6397863502006442,0.2519212035655538,B,1.0,0.8333333333333334,0.9090909090909091,1,True,0,False,False,False
3849343497,0.2449496276574525,0.31127691988297324,0.6397863502006442,0.2519212035655538,C,1.0,1.0,1.0,0,True,0,False,False,False
3636834161,0.2894470477204441,0.32639420691940135,0.5730995229912004,0.3724655194272002,A,0.7142857142857143,0.8333333333333334,0.7692307692307692,3,True,2,True,True,True
3636834161,0.2894470477204441,0.32639420691940135,0.5730995229912004,0.3724655194272002,B,1.0,0.8333333333333334,0.9090909090909091,1,True,0,False,False,False
3636834161,0.2894470477204441,0.32639420691940135,0.5730995229912004,0.3724655194272002,C,1.0,1.0,1.0,0,True,0,False,False,False
3401488605,0.27541496292409196,0.3625545801044221,0.6955037781332528,0.18307718722888225,A,0.7142857142857143,0.8333333333333334,0.7692307692307692,3,True,2,True,True,True
3401488605,0.27541496292409196,0.3625545801044221,0.6955037781332528,0.18307718722888225,B,1.0,0.8333333333333334,0.9090909090909091,1,True,0,False,False,False
3401488605,0.27541496292409196,0.3625545801044221,0.6955037781332528,0.18307718722888225,C,1.0,1.0,1.0,0,True,0,False,False,False
2537943244,0.2948862213682396,0.3771695212699816,0.580531451111526,0.058558756383821464,A,0.7142857142857143,0.8333333333333334,0.7692307692307692,3,True,2,True,True,True
2537943244,0.2948862213682396,0.3771695212699816,0.580531451111526,0.058558756383821464,B,1.0,0.8333333333333334,0.9090909090909091,1,True,0,False,False,False
2537943244,0.2948862213682396,0.3771695212699816,0.580531451111526,0.058558756383821464,C,1.0,1.0,1.0,0,True,0,False,False,False
1648387577,0.29837994733770573,0.3916116425549465,0.6538777047491456,0.35837000394870516,A,0.7142857142857143,0.8333333333333334,0.7692307692307692,3,True,2,True,True,True
1648387577,0.29837994733770573,0.3916116425549465,0.6538777047491456,0.35837000394870516,B,1.0,0.8333333333333334,0.9090909090909091,1,True,0,False,False,False
1648387577,0.29837994733770573,0.3916116425549465,0.6538777047491456,0.35837000394870516,C,1.0,1.0,1.0,0,True,0,False,False,False
2576619600,0.24776241837783147,0.3318954796742169,0.607603367488196,0.5880131603251797,A,0.7142857142857143,0.8333333333333334,0.7692307692307692,3,True,2,True,True,True
2576619600,0.24776241837783147,0.3318954796742169,0.607603367488196,0.5880131603251797,B,1.0,0.8333333333333334,0.9090909090909091,1,True,0,False,False,False
2576619600,0.24776241837783147,0.3318954796742169,0.607603367488196,0.5880131603251797,C,1.0,1.0,1.0,0,True,0,False,False,False
1671993163,0.16621232267337957,0.25210407522996714,0.4864951397946378,0.33799821993521906,A,0.7142857142857143,0.8333333333333334,0.7692307692307692,3,True,2,True,True,True
1671993163,0.16621232267337957,0.25210407522996714,0.4864951397946378,0.33799821993521906,B,1.0,0.8333333333333334,0.9090909090909091,1,True,0,False,False,False
1671993163,0.16621232267337957,0.25210407522996714,0.4864951397946378,0.33799821993521906,C,1.0,1.0,1.0,0,True,0,False,False,False
3888497964,0.2243639316964815,0.2562379362399551,0.5801349524005507,0.015385704670819754,A,0.7142857142857143,0.8333333333333334,0.7692307692307692,3,True,2,True,True,True
3888497964,0.2243639316964815,0.2562379362399551,0.5801349524005507,0.015385704670819754,B,1.0,0.8333333333333334,0.9090909090909091,1,True,0,False,False,False
3888497964,0.2243639316964815,0.2562379362399551,0.5801349524005507,0.015385704670819754,C,1.0,1.0,1.0,0,True,0,False,False,False
3474937126,0.18927061781562837,0.27449357628266396,0.5853471962715626,0.13338951468089058,A,0.7142857142857143,0.8333333333333334,0.7692307692307692,3,True,2,True,True,True
3474937126,0.18927061781562837,0.27449357628266396,0.5853471962715626,0.13338951468089058,B,1.0,0.8333333333333334,0.9090909090909091,1,True,0,False,False,False
3474937126,0.18927061781562837,0.27449357628266396,0.5853471962715626,0.13338951468089058,C,1.0,1.0,1.0,0,True,0,False,False,False
2864455208,0.28884160584716934,0.3535329257987972,0.6881969265190343,0.5297824926967709,A,0.7142857142857143,0.8333333333333334,0.7692307692307692,3,True,2,True,True,True
2864455208,0.28884160584716934,0.3535329257987972,0.6881969265190343,0.5297824926967709,B,1.0,0.8333333333333334,0.9090909090909091,1,True,0,False,False,False
2864455208,0.28884160584716934,0.3535329257987972,0.6881969265190343,0.5297824926967709,C,1.0,1.0,1.0,0,True,0,False,False,False
3209475631,0.3103701456689584,0.395322674476886,0.6543590961335616,0.31441799728055453,A,0.7142857142857143,0.8333333333333334,0.7692307692307692,3,True,2,True,True,True
3209475631,0.3103701456689584,0.395322674476886,0.6543590961335616,0.31441799728055453,B,1.0,0.8333333333333334,0.9090909090909091,1,True,0,False,False,False
3209475631,0.3103701456689584,0.395322674476886,0.6543590961335616,0.31441799728055453,C,1.0,1.0,1.0,0,True,0,False,False,False
3177712737,0.2677212760934284,0.3523078380456159,0.6558230869545307,0.036441750771611804,A,0.7142857142857143,0.8333333333333334,0.7692307692307692,3,True,2,True,True,True
3177712737,0.2677212760934284,0.3523078380456159,0.6558230869545307,0.036441750771611804,B,1.0,0.8333333333333334,0.9090909090909091,1,True,0,False,False,False
3177712737,0.2677212760934284,0.3523078380456159,0.6558230869545307,0.036441750771611804,C,1.0,1.0,1.0,0,True,0,False,False,False
328535532,0.21827821558240434,0.3190022438817134,0.6826723630085874,-0.025110174510916024,A,0.7142857142857143,0.8333333333333334,0.7692307692307692,3,True,2,True,True,True
328535532,0.21827821558240434,0.3190022438817134,0.6826723630085874,-0.025110174510916024,B,1.0,0.8333333333333334,0.9090909090909091,1,True,0,False,False,False
328535532,0.21827821558240434,0.3190022438817134,0.6826723630085874,-0.025110174510916024,C,1.0,1.0,1.0,0,True,0,False,False,False
1409012575,0.12281837100330402,0.16582924448569625,0.40923652409823447,0.13219618880283301,A,0.7142857142857143,0.8333333333333334,0.7692307692307692,3,True,2,True,True,True
1409012575,0.12281837100330402,0.16582924448569625,0.40923652409823447,0.13219618880283301,B,1.0,0.8333333333333334,0.9090909090909091,1,True,0,False,False,False
1409012575,0.12281837100330402,0.16582924448569625,0.40923652409823447,0.13219618880283301,C,1.0,1.0,1.0,0,True,0,False,False,False
2879198334,0.20810216755385677,0.2701367401223125,0.5884175981045976,0.4856228913761977,A,0.7142857142857143,0.8333333333333334,0.7692307692307692,3,True,2,True,True,True
2879198334,0.20810216755385677,0.2701367401223125,0.5884175981045976,0.4856228913761977,B,1.0,0.8333333333333334,0.9090909090909091,1,True,0,False,False,False
2879198334,0.20810216755385677,0.2701367401223125,0.5884175981045976,0.4856228913761977,C,1.0,1.0,1.0,0,True,0,False,False,False
2996690676,0.12884629727909427,0.2122087923036835,0.5613658389111174,0.29268579708265946,A,0.7142857142857143,0.8333333333333334,0.7692307692307692,3,True,2,True,True,True
2996690676,0.12884629727909427,0.2122087923036835,0.5613658389111174,0.29268579708265946,B,1.0,0.8333333333333334,0.9090909090909091,1,True,0,False,False,False
2996690676,0.12884629727909427,0.2122087923036835,0.5613658389111174,0.29268579708265946,C,1.0,1.0,1.0,0,True,0,False,False,False
2039365111,0.17842476059064558,0.2666904139737091,0.6515361114744224,0.29751270313298794,A,0.7142857142857143,0.8333333333333334,0.7692307692307692,3,True,2,True,True,True
2039365111,0.17842476059064558,0.2666904139737091,0.6515361114744224,0.29751270313298794,B,1.0,0.8333333333333334,0.9090909090909091,1,True,0,False,False,False
2039365111,0.17842476059064558,0.2666904139737091,0.6515361114744224,0.29751270313298794,C,1.0,1.0,1.0,0,True,0,False,False,False
3545796908,0.31595556157102694,0.3908158975294945,0.7483536655380043,0.16977228550976964,A,0.7142857142857143,0.8333333333333334,0.7692307692307692,3,True,2,True,True,True
3545796908,0.31595556157102694,0.3908158975294945,0.7483536655380043,0.16977228550976964,B,1.0,0.8333333333333334,0.9090909090909091,1,True,0,False,False,False
3545796908,0.31595556157102694,0.3908158975294945,0.7483536655380043,0.16977228550976964,C,1.0,1.0,1.0,0,True,0,False,False,False
3679769911,0.20411271028399033,0.31849007094497706,0.6333059868151026,0.39475539819651606,A,0.7142857142857143,0.8333333333333334,0.7692307692307692,3,True,2,True,True,True
3679769911,0.20411271028399033,0.31849007094497706,0.6333059868151026,0.39475539819651606,B,1.0,0.8333333333333334,0.9090909090909091,1,True,0,False,False,False
3679769911,0.20411271028399033,0.31849007094497706,0.6333059868151026,0.39475539819651606,C,1.0,1.0,1.0,0,True,0,False,False,False
1246721478,0.27852721339921466,0.3481981500320729,0.5762248694581583,-0.11093305850484424,A,0.7142857142857143,0.8333333333333334,0.7692307692307692,3,True,2,True,True,True
1246721478,0.27852721339921466,0.3481981500320729,0.5762248694581583,-0.11093305850484424,B,1.0,0.8333333333333334,0.9090909090909091,1,True,0,False,False,False
1246721478,0.27852721339921466,0.3481981500320729,0.5762248694581583,-0.11093305850484424,C,1.0,1.0,1.0,0,True,0,False,False,False
2662245911,0.2760175998481164,0.3632469777450638,0.7304345994366501,0.10068111144690464,A,0.7142857142857143,0.8333333333333334,0.7692307692307692,3,True,2,True,True,True
2662245911,0.2760175998481164,0.3632469777450638,0.7304345994366501,0.10068111144690464,B,1.0,0.8333333333333334,0.9090909090909091,1,True,0,False,False,False
2662245911,0.2760175998481164,0.3632469777450638,0.7304345994366501,0.10068111144690464,C,1.0,1.0,1.0,0,True,0,False,False,False
2130608762,0.27297135608707923,0.33215194758445893,0.6319509882921122,0.6695179864119174,A,0.7142857142857143,0.8333333333333334,0.7692307692307692,3,True,2,True,True,True
2130608762,0.27297135608707923,0.33215194758445893,0.6319509882921122,0.6695179864119174,B,1.0,0.8333333333333334,0.9090909090909091,1,True,0,False,False,False
2130608762,0.27297135608707923,0.33215194758445893,0.6319509882921122,0.6695179864119174,C,1.0,1.0,1.0,0,True,0,False,False,False
2018838710,0.2403576464141668,0.3213336690538491,0.6164916373549836,0.1463346795815263,A,0.7142857142857143,0.8333333333333334,0.7692307692307692,3,True,2,True,True,True
2018838710,0.2403576464141668,0.3213336690538491,0.6164916373549836,0.1463346795815263,B,1.0,0.8333333333333334,0.9090909090909091,1,True,0,False,False,False
2018838710,0.2403576464141668,0.3213336690538491,0.6164916373549836,0.1463346795815263,C,1.0,1.0,1.0,0,True,0,False,False,False
1575406351,0.279633920405855,0.3754426093084887,0.7152287397736748,-0.10773200770727283,A,0.7142857142857143,0.8333333333333334,0.7692307692307692,3,True,2,True,True,True
1575406351,0.279633920405855,0.3754426093084887,0.7152287397736748,-0.10773200770727283,B,1.0,0.8333333333333334,0.9090909090909091,1,True,0,False,False,False
1575406351,0.279633920405855,0.3754426093084887,0.7152287397736748,-0.10773200770727283,C,1.0,1.0,1.0,0,True,0,False,False,False
4018841779,0.28760085338497027,0.3740669941315548,0.6723482407799685,0.08424948768327065,A,0.7142857142857143,0.8333333333333334,0.7692307692307692,3,True,2,True,True,True
4018841779,0.28760085338497027,0.3740669941315548,0.6723482407799685,0.08424948768327065,B,1.0,0.8333333333333334,0.9090909090909091,1,True,0,False,False,False
4018841779,0.28760085338497027,0.3740669941315548,0.6723482407799685,0.08424948768327065,C,1.0,1.0,1.0,0,True,0,False,False,False
2837913971,0.22400326473141283,0.32758756588827476,0.6393010504164932,-0.2464556872037405,A,0.7142857142857143,0.8333333333333334,0.7692307692307692,3,True,2,True,True,True
2837913971,0.22400326473141283,0.32758756588827476,0.6393010504164932,-0.2464556872037405,B,1.0,0.8333333333333334,0.9090909090909091,1,True,0,False,False,False
2837913971,0.22400326473141283,0.32758756588827476,0.6393010504164932,-0.2464556872037405,C,1.0,1.0,1.0,0,True,0,False,False,False
187647052,0.31487118500414873,0.40235600743770966,0.760193310287547,0.07121208867365898,A,0.7142857142857143,0.8333333333333334,0.7692307692307692,3,True,2,True,True,True
187647052,0.31487118500414873,0.40235600743770966,0.760193310287547,0.07121208867365898,B,1.0,0.8333333333333334,0.9090909090909091,1,True,0,False,False,False
187647052,0.31487118500414873,0.40235600743770966,0.760193310287547,0.07121208867365898,C,1.0,1.0,1.0,0,True,0,False,False,False
185270786,0.3165807991386015,0.3993664263826328,0.7333142774186961,0.3890721088732962,A,0.7142857142857143,0.8333333333333334,0.7692307692307692,3,True,2,True,True,True
185270786,0.3165807991386015,0.3993664263826328,0.7333142774186961,0.3890721088732962,B,1.0,0.8333333333333334,0.9090909090909091,1,True,0,False,False,False
185270786,0.3165807991386015,0.3993664263826328,0.7333142774186961,0.3890721088732962,C,1.0,1.0,1.0,0,True,0,False,False,False
3260396844,0.20837257832231093,0.28766572111714356,0.5650248778139433,-0.04766378251413637,A,0.7142857142857143,0.8333333333333334,0.7692307692307692,3,True,2,True,True,True
3260396844,0.20837257832231093,0.28766572111714356,0.5650248778139433,-0.04766378251413637,B,1.0,0.8333333333333334,0.9090909090909091,1,True,0,False,False,False
3260396844,0.20837257832231093,0.28766572111714356,0.5650248778139433,-0.04766378251413637,C,1.0,1.0,1.0,0,True,0,False,False,False
2161924280,0.22412025042393516,0.25740760635003274,0.6344303378598679,-0.037076197123605145,A,0.7142857142857143,0.8333333333333334,0.7692307692307692,3,True,2,True,True,True
2161924280,0.22412025042393516,0.25740760635003274,0.6344303378598679,-0.037076197123605145,B,1.0,0.8333333333333334,0.9090909090909091,1,True,0,False,False,False
2161924280,0.22412025042393516,0.25740760635003274,0.6344303378598679,-0.037076197123605145,C,1.0,1.0,1.0,0,True,0,False,False,False
2807241904,0.1693979857005011,0.27460540171888803,0.5199325413276936,0.1446484318009047,A,0.7142857142857143,0.8333333333333334,0.7692307692307692,3,True,2,True,True,True
2807241904,0.1693979857005011,0.27460540171888803,0.5199325413276936,0.1446484318009047,B,1.0,0.8333333333333334,0.9090909090909091,1,True,0,False,False,False
2807241904,0.1693979857005011,0.27460540171888803,0.5199325413276936,0.1446484318009047,C,1.0,1.0,1.0,0,True,0,False,False,False
2757499957,0.3135904915999808,0.3832283998898727,0.6348670710261198,0.3979169445173349,A,0.7142857142857143,0.8333333333333334,0.7692307692307692,3,True,2,True,True,True
2757499957,0.3135904915999808,0.3832283998898727,0.6348670710261198,0.3979169445173349,B,1.0,0.8333333333333334,0.9090909090909091,1,True,0,False,False,False
2757499957,0.3135904915999808,0.3832283998898727,0.6348670710261198,0.3979169445173349,C,1.0,1.0,1.0,0,True,0,False,False,False
880517378,0.1574954551174463,0.19290242224714366,0.5678836010019613,-0.11102339932462331,A,0.7142857142857143,0.8333333333333334,0.7692307692307692,3,True,2,True,True,True
880517378,0.1574954551174463,0.19290242224714366,0.5678836010019613,-0.11102339932462331,B,1.0,0.8333333333333334,0.9090909090909091,1,True,0,False,False,False
880517378,0.1574954551174463,0.19290242224714366,0.5678836010019613,-0.11102339932462331,C,1.0,1.0,1.0,0,True,0,False,False,False
777453667,0.29484765479862424,0.4278983248818293,0.6804893413729399,0.024076287418368002,A,0.7142857142857143,0.8333333333333334,0.7692307692307692,3,True,2,True,True,True
777453667,0.29484765479862424,0.4278983248818293,0.6804893413729399,0.024076287418368002,B,1.0,0.8333333333333334,0.9090909090909091,1,True,0,False,False,False
777453667,0.29484765479862424,0.4278983248818293,0.6804893413729399,0.024076287418368002,C,1.0,1.0,1.0,0,True,0,False,False,False
4166508084,0.2996784529754561,0.398875658921192,0.6703589794587476,0.49347416771904223,A,0.7142857142857143,0.8333333333333334,0.7692307692307692,3,True,2,True,True,True
4166508084,0.2996784529754561,0.398875658921192,0.6703589794587476,0.49347416771904223,B,1.0,0.8333333333333334,0.9090909090909091,1,True,0,False,False,False
4166508084,0.2996784529754561,0.398875658921192,0.6703589794587476,0.49347416771904223,C,1.0,1.0,1.0,0,True,0,False,False,False
1090183795,0.22974374565501135,0.3109765211717821,0.5808628524271845,0.12743667661443459,A,0.7142857142857143,0.8333333333333334,0.7692307692307692,3,True,2,True,True,True
1090183795,0.22974374565501135,0.3109765211717821,0.5808628524271845,0.12743667661443459,B,1.0,0.8333333333333334,0.9090909090909091,1,True,0,False,False,False
1090183795,0.22974374565501135,0.3109765211717821,0.5808628524271845,0.12743667661443459,C,1.0,1.0,1.0,0,True,0,False,False,False
1216415032,0.22148344340820755,0.2789408882141037,0.6070828648115004,0.12125765092702662,A,0.7142857142857143,0.8333333333333334,0.7692307692307692,3,True,2,True,True,True
1216415032,0.22148344340820755,0.2789408882141037,0.6070828648115004,0.12125765092702662,B,1.0,0.8333333333333334,0.9090909090909091,1,True,0,False,False,False
1216415032,0.22148344340820755,0.2789408882141037,0.6070828648115004,0.12125765092702662,C,1.0,1.0,1.0,0,True,0,False,False,False
3512098066,0.2411692409238442,0.30772172580473106,0.53588317033043,0.10821858111413682,A,0.7142857142857143,0.8333333333333334,0.7692307692307692,3,True,2,True,True,True
3512098066,0.2411692409238442,0.30772172580473106,0.53588317033043,0.10821858111413682,B,1.0,0.8333333333333334,0.9090909090909091,1,True,0,False,False,False
3512098066,0.2411692409238442,0.30772172580473106,0.53588317033043,0.10821858111413682,C,1.0,1.0,1.0,0,True,0,False,False,False
727317434,0.29946120734779436,0.4238339419716612,0.7252684904927525,0.3431991095224869,A,0.7142857142857143,0.8333333333333334,0.7692307692307692,3,True,2,True,True,True
727317434,0.29946120734779436,0.4238339419716612,0.7252684904927525,0.3431991095224869,B,1.0,0.8333333333333334,0.9090909090909091,1,True,0,False,False,False
727317434,0.29946120734779436,0.4238339419716612,0.7252684904927525,0.3431991095224869,C,1.0,1.0,1.0,0,True,0,False,False,False
1448150968,0.23191119436868193,0.30776705069733806,0.4790900425389195,0.036070964542533085,A,0.7142857142857143,0.8333333333333334,0.7692307692307692,3,True,2,True,True,True
1448150968,0.23191119436868193,0.30776705069733806,0.4790900425389195,0.036070964542533085,B,1.0,0.8333333333333334,0.9090909090909091,1,True,0,False,False,False
1448150968,0.23191119436868193,0.30776705069733806,0.4790900425389195,0.036070964542533085,C,1.0,1.0,1.0,0,True,0,False,False,False
4023957473,0.24717894675609456,0.37614970067706877,0.6721378073690989,0.21685311731129517,A,0.7142857142857143,0.8333333333333334,0.7692307692307692,3,True,2,True,True,True
4023957473,0.24717894675609456,0.37614970067706877,0.6721378073690989,0.21685311731129517,B,1.0,0.8333333333333334,0.9090909090909091,1,True,0,False,False,False
4023957473,0.24717894675609456,0.37614970067706877,0.6721378073690989,0.21685311731129517,C,1.0,1.0,1.0,0,True,0,False,False,False
1105141963,0.33909157278823826,0.4033657509121506,0.7827425518319922,0.19997836865221316,A,0.7142857142857143,0.8333333333333334,0.7692307692307692,3,True,2,True,True,True
1105141963,0.33909157278823826,0.4033657509121506,0.7827425518319922,0.19997836865221316,B,1.0,0.8333333333333334,0.9090909090909091,1,True,0,False,False,False
1105141963,0.33909157278823826,0.4033657509121506,0.7827425518319922,0.19997836865221316,C,1.0,1.0,1.0,0,True,0,False,False,False
1017493446,0.33084437545568024,0.4177728951109749,0.7278343075002831,0.2383788137242575,A,0.7142857142857143,0.8333333333333334,0.7692307692307692,3,True,2,True,True,True
1017493446,0.33084437545568024,0.4177728951109749,0.7278343075002831,0.2383788137242575,B,1.0,0.8333333333333334,0.9090909090909091,1,True,0,False,False,False
1017493446,0.33084437545568024,0.4177728951109749,0.7278343075002831,0.2383788137242575,C,1.0,1.0,1.0,0,True,0,False,False,False
1874248639,0.32162231038120853,0.4038357776421958,0.7420814882484441,0.011432124531546422,A,0.7142857142857143,0.8333333333333334,0.7692307692307692,3,True,2,True,True,True
1874248639,0.32162231038120853,0.4038357776421958,0.7420814882484441,0.011432124531546422,B,1.0,0.8333333333333334,0.9090909090909091,1,True,0,False,False,False
1874248639,0.32162231038120853,0.4038357776421958,0.7420814882484441,0.011432124531546422,C,1.0,1.0,1.0,0,True,0,False,False,False
3376350534,0.15168756301122435,0.22139141390256598,0.5768511892013571,0.21686891137427675,A,0.7142857142857143,0.8333333333333334,0.7692307692307692,3,True,2,True,True,True
3376350534,0.15168756301122435,0.22139141390256598,0.5768511892013571,0.21686891137427675,B,1.0,0.8333333333333334,0.9090909090909091,1,True,0,False,False,False
3376350534,0.15168756301122435,0.22139141390256598,0.5768511892013571,0.21686891137427675,C,1.0,1.0,1.0,0,True,0,False,False,False
2691380559,0.35259934735773396,0.4227056088325755,0.7352133439588209,-0.15033579301237252,A,0.7142857142857143,0.8333333333333334,0.7692307692307692,3,True,2,True,True,True
2691380559,0.35259934735773396,0.4227056088325755,0.7352133439588209,-0.15033579301237252,B,1.0,0.8333333333333334,0.9090909090909091,1,True,0,False,False,False
2691380559,0.35259934735773396,0.4227056088325755,0.7352133439588209,-0.15033579301237252,C,1.0,1.0,1.0,0,True,0,False,False,False
582304598,0.17208947009452433,0.2267752008906673,0.5559057991997314,-0.15279215662552326,A,0.7142857142857143,0.8333333333333334,0.7692307692307692,3,True,2,True,True,True
582304598,0.17208947009452433,0.2267752008906673,0.5559057991997314,-0.15279215662552326,B,1.0,0.8333333333333334,0.9090909090909091,1,True,0,False,False,False
582304598,0.17208947009452433,0.2267752008906673,0.5559057991997314,-0.15279215662552326,C,1.0,1.0,1.0,0,True,0,False,False,False
2992496948,0.28231406365111356,0.3109731695396386,0.5462878491761323,0.4339551390560277,A,0.7142857142857143,0.8333333333333334,0.7692307692307692,3,True,2,True,True,True
2992496948,0.28231406365111356,0.3109731695396386,0.5462878491761323,0.4339551390560277,B,1.0,0.8333333333333334,0.9090909090909091,1,True,0,False,False,False
2992496948,0.28231406365111356,0.3109731695396386,0.5462878491761323,0.4339551390560277,C,1.0,1.0,1.0,0,True,0,False,False,False
1122951319,0.2808070180411531,0.38741415732406304,0.672677117359267,0.12411623367145899,A,0.7142857142857143,0.8333333333333334,0.7692307692307692,3,True,2,True,True,True
1122951319,0.2808070180411531,0.38741415732406304,0.672677117359267,0.12411623367145899,B,1.0,0.8333333333333334,0.9090909090909091,1,True,0,False,False,False
1122951319,0.2808070180411531,0.38741415732406304,0.672677117359267,0.12411623367145899,C,1.0,1.0,1.0,0,True,0,False,False,False
513773675,0.2967555823923951,0.4067081369424686,0.7107627844422879,-0.12311899473609872,A,0.7142857142857143,0.8333333333333334,0.7692307692307692,3,True,2,True,True,True
513773675,0.2967555823923951,0.4067081369424686,0.7107627844422879,-0.12311899473609872,B,1.0,0.8333333333333334,0.9090909090909091,1,True,0,False,False,False
513773675,0.2967555823923951,0.4067081369424686,0.7107627844422879,-0.12311899473609872,C,1.0,1.0,1.0,0,True,0,False,False,False
3020570729,0.35375956641240497,0.45882052275781376,0.8172673200145353,0.38932389604787077,A,0.7142857142857143,0.8333333333333334,0.7692307692307692,3,True,2,True,True,True
3020570729,0.35375956641240497,0.45882052275781376,0.8172673200145353,0.38932389604787077,B,1.0,0.8333333333333334,0.9090909090909091,1,True,0,False,False,False
3020570729,0.35375956641240497,0.45882052275781376,0.8172673200145353,0.38932389604787077,C,1.0,1.0,1.0,0,True,0,False,False,False
1557472860,0.32977733744577664,0.39922542142615974,0.7868871722188101,0.03189713817418785,A,0.7142857142857143,0.8333333333333334,0.7692307692307692,3,True,2,True,True,True
1557472860,0.32977733744577664,0.39922542142615974,0.7868871722188101,0.03189713817418785,B,1.0,0.8333333333333334,0.9090909090909091,1,True,0,False,False,False
1557472860,0.32977733744577664,0.39922542142615974,0.7868871722188101,0.03189713817418785,C,1.0,1.0,1.0,0,True,0,False,False,False
3361409762,0.3207112433113145,0.38454223437145335,0.568330813443303,0.2675116069771997,A,0.7142857142857143,0.8333333333333334,0.7692307692307692,3,True,2,True,True,True
3361409762,0.3207112433113145,0.38454223437145335,0.568330813443303,0.2675116069771997,B,1.0,0.8333333333333334,0.9090909090909091,1,True,0,False,False,False
3361409762,0.3207112433113145,0.38454223437145335,0.568330813443303,0.2675116069771997,C,1.0,1.0,1.0,0,True,0,False,False,False
3430260081,0.20534442119123114,0.2854119341257566,0.5027236057722871,0.09766365329204177,A,0.7142857142857143,0.8333333333333334,0.7692307692307692,3,True,2,True,True,True
3430260081,0.20534442119123114,0.2854119341257566,0.5027236057722871,0.09766365329204177,B,1.0,0.8333333333333334,0.9090909090909091,1,True,0,False,False,False
3430260081,0.20534442119123114,0.2854119341257566,0.5027236057722871,0.09766365329204177,C,1.0,1.0,1.0,0,True,0,False,False,False
3607927791,0.13545105566491236,0.2228090319121586,0.5151137003691065,0.05522394170295306,A,0.7142857142857143,0.8333333333333334,0.7692307692307692,3,True,2,True,True,True
3607927791,0.13545105566491236,0.2228090319121586,0.5151137003691065,0.05522394170295306,B,1.0,0.8333333333333334,0.9090909090909091,1,True,0,False,False,False
3607927791,0.13545105566491236,0.2228090319121586,0.5151137003691065,0.05522394170295306,C,1.0,1.0,1.0,0,True,0,False,False,False
2423210374,0.1055238263797593,0.19243528772865026,0.5636789516457592,0.45469727401205834,A,0.7142857142857143,0.8333333333333334,0.7692307692307692,3,True,2,True,True,True
2423210374,0.1055238263797593,0.19243528772865026,0.5636789516457592,0.45469727401205834,B,1.0,0.8333333333333334,0.9090909090909091,1,True,0,False,False,False
2423210374,0.1055238263797593,0.19243528772865026,0.5636789516457592,0.45469727401205834,C,1.0,1.0,1.0,0,True,0,False,False,False
2995328944,0.23524185107705559,0.2845092234347218,0.5778463069265166,-0.14443562550600667,A,0.7142857142857143,0.8333333333333334,0.7692307692307692,3,True,2,True,True,True
2995328944,0.23524185107705559,0.2845092234347218,0.5778463069265166,-0.14443562550600667,B,1.0,0.8333333333333334,0.9090909090909091,1,True,0,False,False,False
2995328944,0.23524185107705559,0.2845092234347218,0.5778463069265166,-0.14443562550600667,C,1.0,1.0,1.0,0,True,0,False,False,False
3615908690,0.1954473225192224,0.3227578220996927,0.6636520785443588,-0.32213908969639377,A,0.7142857142857143,0.8333333333333334,0.7692307692307692,3,True,2,True,True,True
3615908690,0.1954473225192224,0.3227578220996927,0.6636520785443588,-0.32213908969639377,B,1.0,0.8333333333333334,0.9090909090909091,1,True,0,False,False,False
3615908690,0.1954473225192224,0.3227578220996927,0.6636520785443588,-0.32213908969639377,C,1.0,1.0,1.0,0,True,0,False,False,False
3281266935,0.2840445208218346,0.35700701222168896,0.5750037891060513,0.3169333202580009,A,0.7142857142857143,0.8333333333333334,0.7692307692307692,3,True,2,True,True,True
3281266935,0.2840445208218346,0.35700701222168896,0.5750037891060513,0.3169333202580009,B,1.0,0.8333333333333334,0.9090909090909091,1,True,0,False,False,False
3281266935,0.2840445208218346,0.35700701222168896,0.5750037891060513,0.3169333202580009,C,1.0,1.0,1.0,0,True,0,False,False,False
2877271926,0.2848156661083549,0.35206625270409414,0.6720304071298663,0.489213838855689,A,0.7142857142857143,0.8333333333333334,0.7692307692307692,3,True,2,True,True,True
2877271926,0.2848156661083549,0.35206625270409414,0.6720304071298663,0.489213838855689,B,1.0,0.8333333333333334,0.9090909090909091,1,True,0,False,False,False
2877271926,0.2848156661083549,0.35206625270409414,0.6720304071298663,0.489213838855689,C,1.0,1.0,1.0,0,True,0,False,False,False
3376534584,0.2512891946146932,0.31527438683416653,0.5502603434328253,0.36504492357136314,A,0.7142857142857143,0.8333333333333334,0.7692307692307692,3,True,2,True,True,True
3376534584,0.2512891946146932,0.31527438683416653,0.5502603434328253,0.36504492357136314,B,1.0,0.8333333333333334,0.9090909090909091,1,True,0,False,False,False
3376534584,0.2512891946146932,0.31527438683416653,0.5502603434328253,0.36504492357136314,C,1.0,1.0,1.0,0,True,0,False,False,False
1141721321,0.32348703986987853,0.39905797606521926,0.6502158540445983,0.3071373887380015,A,0.7142857142857143,0.8333333333333334,0.7692307692307692,3,True,2,True,True,True
1141721321,0.32348703986987853,0.39905797606521926,0.6502158540445983,0.3071373887380015,B,1.0,0.8333333333333334,0.9090909090909091,1,True,0,False,False,False
1141721321,0.32348703986987853,0.39905797606521926,0.6502158540445983,0.3071373887380015,C,1.0,1.0,1.0,0,True,0,False,False,False
1840360530,0.3009415573046346,0.37348703835972025,0.6049265168841876,0.14151443069405684,A,0.7142857142857143,0.8333333333333334,0.7692307692307692,3,True,2,True,True,True
1840360530,0.3009415573046346,0.37348703835972025,0.6049265168841876,0.14151443069405684,B,1.0,0.8333333333333334,0.9090909090909091,1,True,0,False,False,False
1840360530,0.3009415573046346,0.37348703835972025,0.6049265168841876,0.14151443069405684,C,1.0,1.0,1.0,0,True,0,False,False,False
2838370887,0.2890768124683048,0.41737730680444385,0.6765087252825952,0.286295431446007,A,0.7142857142857143,0.8333333333333334,0.7692307692307692,3,True,2,True,True,True
2838370887,0.2890768124683048,0.41737730680444385,0.6765087252825952,0.286295431446007,B,1.0,0.8333333333333334,0.9090909090909091,1,True,0,False,False,False
2838370887,0.2890768124683048,0.41737730680444385,0.6765087252825952,0.286295431446007,C,1.0,1.0,1.0,0,True,0,False,False,False
2648994461,0.24292151589069583,0.30194003439211353,0.6788915679961601,0.08924067437946735,A,0.7142857142857143,0.8333333333333334,0.7692307692307692,3,True,2,True,True,True
2648994461,0.24292151589069583,0.30194003439211353,0.6788915679961601,0.08924067437946735,B,1.0,0.8333333333333334,0.9090909090909091,1,True,0,False,False,False
2648994461,0.24292151589069583,0.30194003439211353,0.6788915679961601,0.08924067437946735,C,1.0,1.0,1.0,0,True,0,False,False,False
3887103236,0.2667949462623888,0.39665934371600153,0.8111564448505797,0.36081932028507663,A,0.7142857142857143,0.8333333333333334,0.7692307692307692,3,True,2,True,True,True
3887103236,0.2667949462623888,0.39665934371600153,0.8111564448505797,0.36081932028507663,B,1.0,0.8333333333333334,0.9090909090909091,1,True,0,False,False,False
3887103236,0.2667949462623888,0.39665934371600153,0.8111564448505797,0.36081932028507663,C,1.0,1.0,1.0,0,True,0,False,False,False
1353310410,0.2999070237051414,0.357021938483131,0.689945377983736,0.5828147011131132,A,0.7142857142857143,0.8333333333333334,0.7692307692307692,3,True,2,True,True,True
1353310410,0.2999070237051414,0.357021938483131,0.689945377983736,0.5828147011131132,B,1.0,0.8333333333333334,0.9090909090909091,1,True,0,False,False,False
1353310410,0.2999070237051414,0.357021938483131,0.689945377983736,0.5828147011131132,C,1.0,1.0,1.0,0,True,0,False,False,False
2525784837,0.1656046178511043,0.20670005078408624,0.6019884587683548,0.2832238920868649,A,0.7142857142857143,0.8333333333333334,0.7692307692307692,3,True,2,True,True,True
2525784837,0.1656046178511043,0.20670005078408624,0.6019884587683548,0.2832238920868649,B,1.0,0.8333333333333334,0.9090909090909091,1,True,0,False,False,False
2525784837,0.1656046178511043,0.20670005078408624,0.6019884587683548,0.2832238920868649,C,1.0,1.0,1.0,0,True,0,False,False,False
2436598402,0.1996432063376923,0.2901254344821557,0.5872780748360541,0.10848516672742635,A,0.7142857142857143,0.8333333333333334,0.7692307692307692,3,True,2,True,True,True
2436598402,0.1996432063376923,0.2901254344821557,0.5872780748360541,0.10848516672742635,B,1.0,0.8333333333333334,0.9090909090909091,1,True,0,False,False,False
2436598402,0.1996432063376923,0.2901254344821557,0.5872780748360541,0.10848516672742635,C,1.0,1.0,1.0,0,True,0,False,False,False
285544897,0.20041527566961337,0.24327970062755983,0.5407526178360834,-0.08408703038399987,A,0.7142857142857143,0.8333333333333334,0.7692307692307692,3,True,2,True,True,True
285544897,0.20041527566961337,0.24327970062755983,0.5407526178360834,-0.08408703038399987,B,1.0,0.8333333333333334,0.9090909090909091,1,True,0,False,False,False
285544897,0.20041527566961337,0.24327970062755983,0.5407526178360834,-0.08408703038399987,C,1.0,1.0,1.0,0,True,0,False,False,False
4171287107,0.2499856835464968,0.3028439842806428,0.5069918279231078,-0.18534270849057563,A,0.7142857142857143,0.8333333333333334,0.7692307692307692,3,True,2,True,True,True
4171287107,0.2499856835464968,0.3028439842806428,0.5069918279231078,-0.18534270849057563,B,1.0,0.8333333333333334,0.9090909090909091,1,True,0,False,False,False
4171287107,0.2499856835464968,0.3028439842806428,0.5069918279231078,-0.18534270849057563,C,1.0,1.0,1.0,0,True,0,False,False,False
1198345092,0.206994286181865,0.2613995744730321,0.5795959311376091,0.558255935443047,A,0.7142857142857143,0.8333333333333334,0.7692307692307692,3,True,2,True,True,True
1198345092,0.206994286181865,0.2613995744730321,0.5795959311376091,0.558255935443047,B,1.0,0.8333333333333334,0.9090909090909091,1,True,0,False,False,False
1198345092,0.206994286181865,0.2613995744730321,0.5795959311376091,0.558255935443047,C,1.0,1.0,1.0,0,True,0,False,False,False
2361164421,0.2242260589498787,0.3201709488047174,0.711341520841719,-0.11767822487380407,A,0.7142857142857143,0.8333333333333334,0.7692307692307692,3,True,2,True,True,True
2361164421,0.2242260589498787,0.3201709488047174,0.711341520841719,-0.11767822487380407,B,1.0,0.8333333333333334,0.9090909090909091,1,True,0,False,False,False
2361164421,0.2242260589498787,0.3201709488047174,0.711341520841719,-0.11767822487380407,C,1.0,1.0,1.0,0,True,0,False,False,False
2646952529,0.19027075673793528,0.27424376570935455,0.7234298520254842,0.11614446643070257,A,0.7142857142857143,0.8333333333333334,0.7692307692307692,3,True,2,True,True,True
2646952529,0.19027075673793528,0.27424376570935455,0.7234298520254842,0.11614446643070257,B,1.0,0.8333333333333334,0.9090909090909091,1,True,0,False,False,False
2646952529,0.19027075673793528,0.27424376570935455,0.7234298520254842,0.11614446643070257,C,1.0,1.0,1.0,0,True,0,False,False,False
2941093934,0.2750841854040922,0.3440522948405837,0.7182308765368632,-0.07583885960537456,A,0.7142857142857143,0.8333333333333334,0.7692307692307692,3,True,2,True,True,True
2941093934,0.2750841854040922,0.3440522948405837,0.7182308765368632,-0.07583885960537456,B,1.0,0.8333333333333334,0.9090909090909091,1,True,0,False,False,False
2941093934,0.2750841854040922,0.3440522948405837,0.7182308765368632,-0.07583885960537456,C,1.0,1.0,1.0,0,True,0,False,False,False
443145568,0.3151822607493564,0.3788500195787359,0.6967002434179412,-0.052846643707963006,A,0.7142857142857143,0.8333333333333334,0.7692307692307692,3,True,2,True,True,True
443145568,0.3151822607493564,0.3788500195787359,0.6967002434179412,-0.052846643707963006,B,1.0,0.8333333333333334,0.9090909090909091,1,True,0,False,False,False
443145568,0.3151822607493564,0.3788500195787359,0.6967002434179412,-0.052846643707963006,C,1.0,1.0,1.0,0,True,0,False,False,False
2766100134,0.2794619094557856,0.32724716063629655,0.47083878863745987,0.21862310554845876,A,0.7142857142857143,0.8333333333333334,0.7692307692307692,3,True,2,True,True,True
2766100134,0.2794619094557856,0.32724716063629655,0.47083878863745987,0.21862310554845876,B,1.0,0.8333333333333334,0.9090909090909091,1,True,0,False,False,False
2766100134,0.2794619094557856,0.32724716063629655,0.47083878863745987,0.21862310554845876,C,1.0,1.0,1.0,0,True,0,False,False,False
1090993827,0.41770135480862786,0.4836774366450604,0.7895340011977898,0.2944210354131983,A,0.7142857142857143,0.8333333333333334,0.7692307692307692,3,True,2,True,True,True
1090993827,0.41770135480862786,0.4836774366450604,0.7895340011977898,0.2944210354131983,B,1.0,0.8333333333333334,0.9090909090909091,1,True,0,False,False,False
1090993827,0.41770135480862786,0.4836774366450604,0.7895340011977898,0.2944210354131983,C,1.0,1.0,1.0,0,True,0,False,False,False
3094742421,0.13983483202504957,0.19428709986190612,0.5126031963592617,-0.2645481288339733,A,0.7142857142857143,0.8333333333333334,0.7692307692307692,3,True,2,True,True,True
3094742421,0.13983483202504957,0.19428709986190612,0.5126031963592617,-0.2645481288339733,B,1.0,0.8333333333333334,0.9090909090909091,1,True,0,False,False,False
3094742421,0.13983483202504957,0.19428709986190612,0.5126031963592617,-0.2645481288339733,C,1.0,1.0,1.0,0,True,0,False,False,False
4064099412,0.23564361980430906,0.2940252293273982,0.5714494445038246,0.38187985794635426,A,0.7142857142857143,0.8333333333333334,0.7692307692307692,3,True,2,True,True,True
4064099412,0.23564361980430906,0.2940252293273982,0.5714494445038246,0.38187985794635426,B,1.0,0.8333333333333334,0.9090909090909091,1,True,0,False,False,False
4064099412,0.23564361980430906,0.2940252293273982,0.5714494445038246,0.38187985794635426,C,1.0,1.0,1.0,0,True,0,False,False,False
766653899,0.26104137155785606,0.31134634911712267,0.5398384232859242,0.5839967101557055,A,0.7142857142857143,0.8333333333333334,0.7692307692307692,3,True,2,True,True,True
766653899,0.26104137155785606,0.31134634911712267,0.5398384232859242,0.5839967101557055,B,1.0,0.8333333333333334,0.9090909090909091,1,True,0,False,False,False
766653899,0.26104137155785606,0.31134634911712267,0.5398384232859242,0.5839967101557055,C,1.0,1.0,1.0,0,True,0,False,False,False
56922640,0.2661030122036355,0.33582640001686626,0.6613232521559844,0.3938740529802587,A,0.7142857142857143,0.8333333333333334,0.7692307692307692,3,True,2,True,True,True
56922640,0.2661030122036355,0.33582640001686626,0.6613232521559844,0.3938740529802587,B,1.0,0.8333333333333334,0.9090909090909091,1,True,0,False,False,False
56922640,0.2661030122036355,0.33582640001686626,0.6613232521559844,0.3938740529802587,C,1.0,1.0,1.0,0,True,0,False,False,False
1254785705,0.3523716327366188,0.43767636239822133,0.7409917431823864,0.2616613198504453,A,0.7142857142857143,0.8333333333333334,0.7692307692307692,3,True,2,True,True,True
1254785705,0.3523716327366188,0.43767636239822133,0.7409917431823864,0.2616613198504453,B,1.0,0.8333333333333334,0.9090909090909091,1,True,0,False,False,False
1254785705,0.3523716327366188,0.43767636239822133,0.7409917431823864,0.2616613198504453,C,1.0,1.0,1.0,0,True,0,False,False,False
2987157381,0.2640680244878613,0.31396063544381697,0.6637493203059879,0.12736012505584426,A,0.7142857142857143,0.8333333333333334,0.7692307692307692,3,True,2,True,True,True
2987157381,0.2640680244878613,0.31396063544381697,0.6637493203059879,0.12736012505584426,B,1.0,0.8333333333333334,0.9090909090909091,1,True,0,False,False,False
2987157381,0.2640680244878613,0.31396063544381697,0.6637493203059879,0.12736012505584426,C,1.0,1.0,1.0,0,True,0,False,False,False
1959093372,0.28555709478961944,0.37300600932852535,0.626293407164824,0.3121746626983631,A,0.7142857142857143,0.8333333333333334,0.7692307692307692,3,True,2,True,True,True
1959093372,0.28555709478961944,0.37300600932852535,0.626293407164824,0.3121746626983631,B,1.0,0.8333333333333334,0.9090909090909091,1,True,0,False,False,False
1959093372,0.28555709478961944,0.37300600932852535,0.626293407164824,0.3121746626983631,C,1.0,1.0,1.0,0,True,0,False,False,False
1598843080,0.131087583661401,0.21643822044051658,0.5449378831050399,0.08766158666691035,A,0.7142857142857143,0.8333333333333334,0.7692307692307692,3,True,2,True,True,True
1598843080,0.131087583661401,0.21643822044051658,0.5449378831050399,0.08766158666691035,B,1.0,0.8333333333333334,0.9090909090909091,1,True,0,False,False,False
1598843080,0.131087583661401,0.21643822044051658,0.5449378831050399,0.08766158666691035,C,1.0,1.0,1.0,0,True,0,False,False,False
148544057,0.21175577539987103,0.3276001266075482,0.6158487644112377,0.04352500871225628,A,0.7142857142857143,0.8333333333333334,0.7692307692307692,3,True,2,True,True,True
148544057,0.21175577539987103,0.3276001266075482,0.6158487644112377,0.04352500871225628,B,1.0,0.8333333333333334,0.9090909090909091,1,True,0,False,False,False
148544057,0.21175577539987103,0.3276001266075482,0.6158487644112377,0.04352500871225628,C,1.0,1.0,1.0,0,True,0,False,False,False
2481266444,0.34195876106594547,0.4250933013854248,0.7664725459331154,-0.030332618197667836,A,0.7142857142857143,0.8333333333333334,0.7692307692307692,3,True,2,True,True,True
2481266444,0.34195876106594547,0.4250933013854248,0.7664725459331154,-0.030332618197667836,B,1.0,0.8333333333333334,0.9090909090909091,1,True,0,False,False,False
2481266444,0.34195876106594547,0.4250933013854248,0.7664725459331154,-0.030332618197667836,C,1.0,1.0,1.0,0,True,0,False,False,False
1692975057,0.24340288440654298,0.275550881973225,0.6151169154026971,0.639975517371318,A,0.7142857142857143,0.8333333333333334,0.7692307692307692,3,True,2,True,True,True
1692975057,0.24340288440654298,0.275550881973225,0.6151169154026971,0.639975517371318,B,1.0,0.8333333333333334,0.9090909090909091,1,True,0,False,False,False
1692975057,0.24340288440654298,0.275550881973225,0.6151169154026971,0.639975517371318,C,1.0,1.0,1.0,0,True,0,False,False,False
1640977051,0.17886738025191215,0.28985050214380814,0.7038228137167313,0.3375193916661261,A,0.7142857142857143,0.8333333333333334,0.7692307692307692,3,True,2,True,True,True
1640977051,0.17886738025191215,0.28985050214380814,0.7038228137167313,0.3375193916661261,B,1.0,0.8333333333333334,0.9090909090909091,1,True,0,False,False,False
1640977051,0.17886738025191215,0.28985050214380814,0.7038228137167313,0.3375193916661261,C,1.0,1.0,1.0,0,True,0,False,False,False
2574480400,0.1691903205074401,0.26444867392631266,0.5925969918563707,0.19007671030256437,A,0.7142857142857143,0.8333333333333334,0.7692307692307692,3,True,2,True,True,True
2574480400,0.1691903205074401,0.26444867392631266,0.5925969918563707,0.19007671030256437,B,1.0,0.8333333333333334,0.9090909090909091,1,True,0,False,False,False
2574480400,0.1691903205074401,0.26444867392631266,0.5925969918563707,0.19007671030256437,C,1.0,1.0,1.0,0,True,0,False,False,False
2881664203,0.32080580106004525,0.40485923144557495,0.7426048038963596,0.2993016639411215,A,0.7142857142857143,0.8333333333333334,0.7692307692307692,3,True,2,True,True,True
2881664203,0.32080580106004525,0.40485923144557495,0.7426048038963596,0.2993016639411215,B,1.0,0.8333333333333334,0.9090909090909091,1,True,0,False,False,False
2881664203,0.32080580106004525,0.40485923144557495,0.7426048038963596,0.2993016639411215,C,1.0,1.0,1.0,0,True,0,False,False,False
3695041348,0.23245887591194145,0.32238598344804636,0.6475167256784953,0.4475788000130188,A,0.7142857142857143,0.8333333333333334,0.7692307692307692,3,True,2,True,True,True
3695041348,0.23245887591194145,0.32238598344804636,0.6475167256784953,0.4475788000130188,B,1.0,0.8333333333333334,0.9090909090909091,1,True,0,False,False,False
3695041348,0.23245887591194145,0.32238598344804636,0.6475167256784953,0.4475788000130188,C,1.0,1.0,1.0,0,True,0,False,False,False
1631254110,0.24447594516700152,0.2735324923422451,0.6182195666781902,0.019227491948613947,A,0.7142857142857143,0.8333333333333334,0.7692307692307692,3,True,2,True,True,True
1631254110,0.24447594516700152,0.2735324923422451,0.6182195666781902,0.019227491948613947,B,1.0,0.8333333333333334,0.9090909090909091,1,True,0,False,False,False
1631254110,0.24447594516700152,0.2735324923422451,0.6182195666781902,0.019227491948613947,C,1.0,1.0,1.0,0,True,0,False,False,False
469323290,0.27053286229409634,0.33726863023675846,0.7642871181918405,0.413852736100681,A,0.7142857142857143,0.8333333333333334,0.7692307692307692,3,True,2,True,True,True
469323290,0.27053286229409634,0.33726863023675846,0.7642871181918405,0.413852736100681,B,1.0,0.8333333333333334,0.9090909090909091,1,True,0,False,False,False
469323290,0.27053286229409634,0.33726863023675846,0.7642871181918405,0.413852736100681,C,1.0,1.0,1.0,0,True,0,False,False,False
2589897783,0.31338379107556985,0.36817478334540493,0.6890020203599962,0.31379414821973967,A,0.7142857142857143,0.8333333333333334,0.7692307692307692,3,True,2,True,True,True
2589897783,0.31338379107556985,0.36817478334540493,0.6890020203599962,0.31379414821973967,B,1.0,0.8333333333333334,0.9090909090909091,1,True,0,False,False,False
2589897783,0.31338379107556985,0.36817478334540493,0.6890020203599962,0.31379414821973967,C,1.0,1.0,1.0,0,True,0,False,False,False
3624877430,0.12414279061512508,0.20316638666090153,0.5106399628243464,0.6417668814904017,A,0.7142857142857143,0.8333333333333334,0.7692307692307692,3,True,2,True,True,True
3624877430,0.12414279061512508,0.20316638666090153,0.5106399628243464,0.6417668814904017,B,1.0,0.8333333333333334,0.9090909090909091,1,True,0,False,False,False
3624877430,0.12414279061512508,0.20316638666090153,0.5106399628243464,0.6417668814904017,C,1.0,1.0,1.0,0,True,0,False,False,False
1871794853,0.3493991655825279,0.4587497628565272,0.7279226100221453,-0.019411012079515278,A,0.7142857142857143,0.8333333333333334,0.7692307692307692,3,True,2,True,True,True
1871794853,0.3493991655825279,0.4587497628565272,0.7279226100221453,-0.019411012079515278,B,1.0,0.8333333333333334,0.9090909090909091,1,True,0,False,False,False
1871794853,0.3493991655825279,0.4587497628565272,0.7279226100221453,-0.019411012079515278,C,1.0,1.0,1.0,0,True,0,False,False,False
4258363826,0.27678236406776274,0.3338788449109344,0.6037034775305316,0.43495047553784166,A,0.7142857142857143,0.8333333333333334,0.7692307692307692,3,True,2,True,True,True
4258363826,0.27678236406776274,0.3338788449109344,0.6037034775305316,0.43495047553784166,B,1.0,0.8333333333333334,0.9090909090909091,1,True,0,False,False,False
4258363826,0.27678236406776274,0.3338788449109344,0.6037034775305316,0.43495047553784166,C,1.0,1.0,1.0,0,True,0,False,False,False
2611454766,0.10968632342287618,0.1855870782843547,0.4375858694241996,-0.03745078196658352,A,0.7142857142857143,0.8333333333333334,0.7692307692307692,3,True,2,True,True,True
2611454766,0.10968632342287618,0.1855870782843547,0.4375858694241996,-0.03745078196658352,B,1.0,0.8333333333333334,0.9090909090909091,1,True,0,False,False,False
2611454766,0.10968632342287618,0.1855870782843547,0.4375858694241996,-0.03745078196658352,C,1.0,1.0,1.0,0,True,0,False,False,False
322647682,0.36109928448460255,0.4408295959274998,0.7513646770125114,0.46829616024565085,A,0.7142857142857143,0.8333333333333334,0.7692307692307692,3,True,2,True,True,True
322647682,0.36109928448460255,0.4408295959274998,0.7513646770125114,0.46829616024565085,B,1.0,0.8333333333333334,0.9090909090909091,1,True,0,False,False,False
322647682,0.36109928448460255,0.4408295959274998,0.7513646770125114,0.46829616024565085,C,1.0,1.0,1.0,0,True,0,False,False,False
386893899,0.22833550777980105,0.3353741341952243,0.5926438192837026,0.08038848570856431,A,0.7142857142857143,0.8333333333333334,0.7692307692307692,3,True,2,True,True,True
386893899,0.22833550777980105,0.3353741341952243,0.5926438192837026,0.08038848570856431,B,1.0,0.8333333333333334,0.9090909090909091,1,True,0,False,False,False
386893899,0.22833550777980105,0.3353741341952243,0.5926438192837026,0.08038848570856431,C,1.0,1.0,1.0,0,True,0,False,False,False
3067656251,0.23699931580638287,0.3135407829402563,0.7205916627117369,0.2137668590935366,A,0.7142857142857143,0.8333333333333334,0.7692307692307692,3,True,2,True,True,True
3067656251,0.23699931580638287,0.3135407829402563,0.7205916627117369,0.2137668590935366,B,1.0,0.8333333333333334,0.9090909090909091,1,True,0,False,False,False
3067656251,0.23699931580638287,0.3135407829402563,0.7205916627117369,0.2137668590935366,C,1.0,1.0,1.0,0,True,0,False,False,False
2893867925,0.23279014694947678,0.27531765817132225,0.6229550560259155,0.14316944204498594,A,0.7142857142857143,0.8333333333333334,0.7692307692307692,3,True,2,True,True,True
2893867925,0.23279014694947678,0.27531765817132225,0.6229550560259155,0.14316944204498594,B,1.0,0.8333333333333334,0.9090909090909091,1,True,0,False,False,False
2893867925,0.23279014694947678,0.27531765817132225,0.6229550560259155,0.14316944204498594,C,1.0,1.0,1.0,0,True,0,False,False,False
715965077,0.2863366294922496,0.31935940056879686,0.6270474895085895,0.2659490312389776,A,0.7142857142857143,0.8333333333333334,0.7692307692307692,3,True,2,True,True,True
715965077,0.2863366294922496,0.31935940056879686,0.6270474895085895,0.2659490312389776,B,1.0,0.8333333333333334,0.9090909090909091,1,True,0,False,False,False
715965077,0.2863366294922496,0.31935940056879686,0.6270474895085895,0.2659490312389776,C,1.0,1.0,1.0,0,True,0,False,False,False
1694023916,0.2825064358002031,0.3547692300277124,0.7228502143383824,-0.199367043925144,A,0.7142857142857143,0.8333333333333334,0.7692307692307692,3,True,2,True,True,True
1694023916,0.2825064358002031,0.3547692300277124,0.7228502143383824,-0.199367043925144,B,1.0,0.8333333333333334,0.9090909090909091,1,True,0,False,False,False
1694023916,0.2825064358002031,0.3547692300277124,0.7228502143383824,-0.199367043925144,C,1.0,1.0,1.0,0,True,0,False,False,False
3447947488,0.3615646484524176,0.4047379175912932,0.6461473635756799,-0.08153956974110144,A,0.7142857142857143,0.8333333333333334,0.7692307692307692,3,True,2,True,True,True
3447947488,0.3615646484524176,0.4047379175912932,0.6461473635756799,-0.08153956974110144,B,1.0,0.8333333333333334,0.9090909090909091,1,True,0,False,False,False
3447947488,0.3615646484524176,0.4047379175912932,0.6461473635756799,-0.08153956974110144,C,1.0,1.0,1.0,0,True,0,False,False,False
2036841326,0.2964688501837323,0.3798396290063848,0.6337692257416411,0.04231980336588637,A,0.7142857142857143,0.8333333333333334,0.7692307692307692,3,True,2,True,True,True
2036841326,0.2964688501837323,0.3798396290063848,0.6337692257416411,0.04231980336588637,B,1.0,0.8333333333333334,0.9090909090909091,1,True,0,False,False,False
2036841326,0.2964688501837323,0.3798396290063848,0.6337692257416411,0.04231980336588637,C,1.0,1.0,1.0,0,True,0,False,False,False
3119978894,0.32485280923015236,0.3979502102711,0.7918470606171459,0.42893550607421893,A,0.7142857142857143,0.8333333333333334,0.7692307692307692,3,True,2,True,True,True
3119978894,0.32485280923015236,0.3979502102711,0.7918470606171459,0.42893550607421893,B,1.0,0.8333333333333334,0.9090909090909091,1,True,0,False,False,False
3119978894,0.32485280923015236,0.3979502102711,0.7918470606171459,0.42893550607421893,C,1.0,1.0,1.0,0,True,0,False,False,False
1212169316,0.3570808060176171,0.4598545863781469,0.8034683600896405,0.14079655233709054,A,0.7142857142857143,0.8333333333333334,0.7692307692307692,3,True,2,True,True,True
1212169316,0.3570808060176171,0.4598545863781469,0.8034683600896405,0.14079655233709054,B,1.0,0.8333333333333334,0.9090909090909091,1,True,0,False,False,False
1212169316,0.3570808060176171,0.4598545863781469,0.8034683600896405,0.14079655233709054,C,1.0,1.0,1.0,0,True,0,False,False,False
1570315898,0.3449670083604407,0.4264189117225751,0.7663378684818757,0.13808516998408793,A,0.7142857142857143,0.8333333333333334,0.7692307692307692,3,True,2,True,True,True
1570315898,0.3449670083604407,0.4264189117225751,0.7663378684818757,0.13808516998408793,B,1.0,0.8333333333333334,0.9090909090909091,1,True,0,False,False,False
1570315898,0.3449670083604407,0.4264189117225751,0.7663378684818757,0.13808516998408793,C,1.0,1.0,1.0,0,True,0,False,False,False
2026221996,0.1850005835708834,0.2984361661043726,0.5729224551779039,0.42369194097597446,A,0.7142857142857143,0.8333333333333334,0.7692307692307692,3,True,2,True,True,True
2026221996,0.1850005835708834,0.2984361661043726,0.5729224551779039,0.42369194097597446,B,1.0,0.8333333333333334,0.9090909090909091,1,True,0,False,False,False
2026221996,0.1850005835708834,0.2984361661043726,0.5729224551779039,0.42369194097597446,C,1.0,1.0,1.0,0,True,0,False,False,False
2973320000,0.20475069030429377,0.28711438425467584,0.6591749181761134,0.19293098757187196,A,0.7142857142857143,0.8333333333333334,0.7692307692307692,3,True,2,True,True,True
2973320000,0.20475069030429377,0.28711438425467584,0.6591749181761134,0.19293098757187196,B,1.0,0.8333333333333334,0.9090909090909091,1,True,0,False,False,False
2973320000,0.20475069030429377,0.28711438425467584,0.6591749181761134,0.19293098757187196,C,1.0,1.0,1.0,0,True,0,False,False,False
3800350576,0.20155741163701402,0.23053405402558283,0.577903089154899,0.6411201108238263,A,0.7142857142857143,0.8333333333333334,0.7692307692307692,3,True,2,True,True,True
3800350576,0.20155741163701402,0.23053405402558283,0.577903089154899,0.6411201108238263,B,1.0,0.8333333333333334,0.9090909090909091,1,True,0,False,False,False
3800350576,0.20155741163701402,0.23053405402558283,0.577903089154899,0.6411201108238263,C,1.0,1.0,1.0,0,True,0,False,False,False
1512081475,0.24514476320050282,0.30313929874949136,0.5650155507408468,0.09064239113401044,A,0.7142857142857143,0.8333333333333334,0.7692307692307692,3,True,2,True,True,True
1512081475,0.24514476320050282,0.30313929874949136,0.5650155507408468,0.09064239113401044,B,1.0,0.8333333333333334,0.9090909090909091,1,True,0,False,False,False
1512081475,0.24514476320050282,0.30313929874949136,0.5650155507408468,0.09064239113401044,C,1.0,1.0,1.0,0,True,0,False,False,False
3456018807,0.3020843966923635,0.39859587579252215,0.7954315662601873,0.31627545165786647,A,0.7142857142857143,0.8333333333333334,0.7692307692307692,3,True,2,True,True,True
3456018807,0.3020843966923635,0.39859587579252215,0.7954315662601873,0.31627545165786647,B,1.0,0.8333333333333334,0.9090909090909091,1,True,0,False,False,False
3456018807,0.3020843966923635,0.39859587579252215,0.7954315662601873,0.31627545165786647,C,1.0,1.0,1.0,0,True,0,False,False,False
2536128915,0.3039565051395433,0.3798219342997541,0.6327114465625236,-0.05479767079955723,A,0.7142857142857143,0.8333333333333334,0.7692307692307692,3,True,2,True,True,True
2536128915,0.3039565051395433,0.3798219342997541,0.6327114465625236,-0.05479767079955723,B,1.0,0.8333333333333334,0.9090909090909091,1,True,0,False,False,False
2536128915,0.3039565051395433,0.3798219342997541,0.6327114465625236,-0.05479767079955723,C,1.0,1.0,1.0,0,True,0,False,False,False
2459848346,0.20900503946849885,0.29593746110953795,0.5722342219350931,0.2028787691513288,A,0.7142857142857143,0.8333333333333334,0.7692307692307692,3,True,2,True,True,True
2459848346,0.20900503946849885,0.29593746110953795,0.5722342219350931,0.2028787691513288,B,1.0,0.8333333333333334,0.9090909090909091,1,True,0,False,False,False
2459848346,0.20900503946849885,0.29593746110953795,0.5722342219350931,0.2028787691513288,C,1.0,1.0,1.0,0,True,0,False,False,False
3223152382,0.33103412468248333,0.39757091070652173,0.6972958490929406,0.12958996732742806,A,0.7142857142857143,0.8333333333333334,0.7692307692307692,3,True,2,True,True,True
3223152382,0.33103412468248333,0.39757091070652173,0.6972958490929406,0.12958996732742806,B,1.0,0.8333333333333334,0.9090909090909091,1,True,0,False,False,False
3223152382,0.33103412468248333,0.39757091070652173,0.6972958490929406,0.12958996732742806,C,1.0,1.0,1.0,0,True,0,False,False,False
1296992935,0.2793480517995389,0.347382535308709,0.7267783794572902,0.4004934364069129,A,0.7142857142857143,0.8333333333333334,0.7692307692307692,3,True,2,True,True,True
1296992935,0.2793480517995389,0.347382535308709,0.7267783794572902,0.4004934364069129,B,1.0,0.8333333333333334,0.9090909090909091,1,True,0,False,False,False
1296992935,0.2793480517995389,0.347382535308709,0.7267783794572902,0.4004934364069129,C,1.0,1.0,1.0,0,True,0,False,False,False
3581594691,0.31632308359992245,0.35200895474941657,0.6128597968938256,0.17529495347873228,A,0.7142857142857143,0.8333333333333334,0.7692307692307692,3,True,2,True,True,True
3581594691,0.31632308359992245,0.35200895474941657,0.6128597968938256,0.17529495347873228,B,1.0,0.8333333333333334,0.9090909090909091,1,True,0,False,False,False
3581594691,0.31632308359992245,0.35200895474941657,0.6128597968938256,0.17529495347873228,C,1.0,1.0,1.0,0,True,0,False,False,False
1718602171,0.1625277633628724,0.2891340870494052,0.6081573950473957,0.03920430206918834,A,0.7142857142857143,0.8333333333333334,0.7692307692307692,3,True,2,True,True,True
1718602171,0.1625277633628724,0.2891340870494052,0.6081573950473957,0.03920430206918834,B,1.0,0.8333333333333334,0.9090909090909091,1,True,0,False,False,False
1718602171,0.1625277633628724,0.2891340870494052,0.6081573950473957,0.03920430206918834,C,1.0,1.0,1.0,0,True,0,False,False,False
3808455267,0.3874430111864998,0.4540012090473043,0.7052930933393845,0.8113689536730642,A,0.7142857142857143,0.8333333333333334,0.7692307692307692,3,True,2,True,True,True
3808455267,0.3874430111864998,0.4540012090473043,0.7052930933393845,0.8113689536730642,B,1.0,0.8333333333333334,0.9090909090909091,1,True,0,False,False,False
3808455267,0.3874430111864998,0.4540012090473043,0.7052930933393845,0.8113689536730642,C,1.0,1.0,1.0,0,True,0,False,False,False
2450684955,0.28439380024613053,0.38254020897847735,0.6123931184236608,0.6154653587797103,A,0.7142857142857143,0.8333333333333334,0.7692307692307692,3,True,2,True,True,True
2450684955,0.28439380024613053,0.38254020897847735,0.6123931184236608,0.6154653587797103,B,1.0,0.8333333333333334,0.9090909090909091,1,True,0,False,False,False
2450684955,0.28439380024613053,0.38254020897847735,0.6123931184236608,0.6154653587797103,C,1.0,1.0,1.0,0,True,0,False,False,False
4129014626,0.3525213612676703,0.42207361145073163,0.7269535022807219,0.1710034115163933,A,0.7142857142857143,0.8333333333333334,0.7692307692307692,3,True,2,True,True,True
4129014626,0.3525213612676703,0.42207361145073163,0.7269535022807219,0.1710034115163933,B,1.0,0.8333333333333334,0.9090909090909091,1,True,0,False,False,False
4129014626,0.3525213612676703,0.42207361145073163,0.7269535022807219,0.1710034115163933,C,1.0,1.0,1.0,0,True,0,False,False,False
3748361359,0.27329725951355116,0.3359239577964628,0.5565072295864026,-0.1546388342976479,A,0.7142857142857143,0.8333333333333334,0.7692307692307692,3,True,2,True,True,True
3748361359,0.27329725951355116,0.3359239577964628,0.5565072295864026,-0.1546388342976479,B,1.0,0.8333333333333334,0.9090909090909091,1,True,0,False,False,False
3748361359,0.27329725951355116,0.3359239577964628,0.5565072295864026,-0.1546388342976479,C,1.0,1.0,1.0,0,True,0,False,False,False
2934280454,0.28767981926154135,0.34989325497787654,0.6177284241328009,0.03123242510920739,A,0.7142857142857143,0.8333333333333334,0.7692307692307692,3,True,2,True,True,True
2934280454,0.28767981926154135,0.34989325497787654,0.6177284241328009,0.03123242510920739,B,1.0,0.8333333333333334,0.9090909090909091,1,True,0,False,False,False
2934280454,0.28767981926154135,0.34989325497787654,0.6177284241328009,0.03123242510920739,C,1.0,1.0,1.0,0,True,0,False,False,False
2435561538,0.27065541756516603,0.3403064437316076,0.653581912109278,0.32272485454391453,A,0.7142857142857143,0.8333333333333334,0.7692307692307692,3,True,2,True,True,True
2435561538,0.27065541756516603,0.3403064437316076,0.653581912109278,0.32272485454391453,B,1.0,0.8333333333333334,0.9090909090909091,1,True,0,False,False,False
2435561538,0.27065541756516603,0.3403064437316076,0.653581912109278,0.32272485454391453,C,1.0,1.0,1.0,0,True,0,False,False,False
2502973001,0.26212892272643573,0.3330156975350766,0.5518014969329309,0.07419386096745166,A,0.7142857142857143,0.8333333333333334,0.7692307692307692,3,True,2,True,True,True
2502973001,0.26212892272643573,0.3330156975350766,0.5518014969329309,0.07419386096745166,B,1.0,0.8333333333333334,0.9090909090909091,1,True,0,False,False,False
2502973001,0.26212892272643573,0.3330156975350766,0.5518014969329309,0.07419386096745166,C,1.0,1.0,1.0,0,True,0,False,False,False
321075863,0.19586891514344443,0.2912177542750863,0.6176029154880863,0.13041859141099216,A,0.7142857142857143,0.8333333333333334,0.7692307692307692,3,True,2,True,True,True
321075863,0.19586891514344443,0.2912177542750863,0.6176029154880863,0.13041859141099216,B,1.0,0.8333333333333334,0.9090909090909091,1,True,0,False,False,False
321075863,0.19586891514344443,0.2912177542750863,0.6176029154880863,0.13041859141099216,C,1.0,1.0,1.0,0,True,0,False,False,False
2769768308,0.29629422839193603,0.3902470341987751,0.678586294747047,0.14795554118300747,A,0.7142857142857143,0.8333333333333334,0.7692307692307692,3,True,2,True,True,True
2769768308,0.29629422839193603,0.3902470341987751,0.678586294747047,0.14795554118300747,B,1.0,0.8333333333333334,0.9090909090909091,1,True,0,False,False,False
2769768308,0.29629422839193603,0.3902470341987751,0.678586294747047,0.14795554118300747,C,1.0,1.0,1.0,0,True,0,False,False,False
3333980465,0.22256147398971218,0.3268250227974778,0.7412924631262973,0.27588569517066913,A,0.7142857142857143,0.8333333333333334,0.7692307692307692,3,True,2,True,True,True
3333980465,0.22256147398971218,0.3268250227974778,0.7412924631262973,0.27588569517066913,B,1.0,0.8333333333333334,0.9090909090909091,1,True,0,False,False,False
3333980465,0.22256147398971218,0.3268250227974778,0.7412924631262973,0.27588569517066913,C,1.0,1.0,1.0,0,True,0,False,False,False
1057772725,0.20658035139554926,0.27609893953758546,0.5866528537466699,0.12457805447751459,A,0.7142857142857143,0.8333333333333334,0.7692307692307692,3,True,2,True,True,True
1057772725,0.20658035139554926,0.27609893953758546,0.5866528537466699,0.12457805447751459,B,1.0,0.8333333333333334,0.9090909090909091,1,True,0,False,False,False
1057772725,0.20658035139554926,0.27609893953758546,0.5866528537466699,0.12457805447751459,C,1.0,1.0,1.0,0,True,0,False,False,False
3466091868,0.4015528825173005,0.47265762409925255,0.8320932728049671,0.19805454562539437,A,0.7142857142857143,0.8333333333333334,0.7692307692307692,3,True,2,True,True,True
3466091868,0.4015528825173005,0.47265762409925255,0.8320932728049671,0.19805454562539437,B,1.0,0.8333333333333334,0.9090909090909091,1,True,0,False,False,False
3466091868,0.4015528825173005,0.47265762409925255,0.8320932728049671,0.19805454562539437,C,1.0,1.0,1.0,0,True,0,False,False,False
4058129665,0.2652678597590691,0.37765883395772765,0.6662886979085796,0.41593058145494527,A,0.7142857142857143,0.8333333333333334,0.7692307692307692,3,True,2,True,True,True
4058129665,0.2652678597590691,0.37765883395772765,0.6662886979085796,0.41593058145494527,B,1.0,0.8333333333333334,0.9090909090909091,1,True,0,False,False,False
4058129665,0.2652678597590691,0.37765883395772765,0.6662886979085796,0.41593058145494527,C,1.0,1.0,1.0,0,True,0,False,False,False
1299074951,0.2946298200209887,0.36927986105937916,0.6752579645058648,0.13522150866649665,A,0.7142857142857143,0.8333333333333334,0.7692307692307692,3,True,2,True,True,True
1299074951,0.2946298200209887,0.36927986105937916,0.6752579645058648,0.13522150866649665,B,1.0,0.8333333333333334,0.9090909090909091,1,True,0,False,False,False
1299074951,0.2946298200209887,0.36927986105937916,0.6752579645058648,0.13522150866649665,C,1.0,1.0,1.0,0,True,0,False,False,False
3086684610,0.19991140448152606,0.3094164501965913,0.6538865953263667,-0.07806039429784373,A,0.7142857142857143,0.8333333333333334,0.7692307692307692,3,True,2,True,True,True
3086684610,0.19991140448152606,0.3094164501965913,0.6538865953263667,-0.07806039429784373,B,1.0,0.8333333333333334,0.9090909090909091,1,True,0,False,False,False
3086684610,0.19991140448152606,0.3094164501965913,0.6538865953263667,-0.07806039429784373,C,1.0,1.0,1.0,0,True,0,False,False,False
2590473459,0.29429612222448304,0.3409615886501375,0.6186536902430536,0.2959785123061358,A,0.7142857142857143,0.8333333333333334,0.7692307692307692,3,True,2,True,True,True
2590473459,0.29429612222448304,0.3409615886501375,0.6186536902430536,0.2959785123061358,B,1.0,0.8333333333333334,0.9090909090909091,1,True,0,False,False,False
2590473459,0.29429612222448304,0.3409615886501375,0.6186536902430536,0.2959785123061358,C,1.0,1.0,1.0,0,True,0,False,False,False
2904558659,0.24525287283672365,0.37397074813961534,0.7646065656233206,0.4465187026064758,A,0.7142857142857143,0.8333333333333334,0.7692307692307692,3,True,2,True,True,True
2904558659,0.24525287283672365,0.37397074813961534,0.7646065656233206,0.4465187026064758,B,1.0,0.8333333333333334,0.9090909090909091,1,True,0,False,False,False
2904558659,0.24525287283672365,0.37397074813961534,0.7646065656233206,0.4465187026064758,C,1.0,1.0,1.0,0,True,0,False,False,False
1823727034,0.3058138446701426,0.37971531868207853,0.6911806276570643,0.07189482726141196,A,0.7142857142857143,0.8333333333333334,0.7692307692307692,3,True,2,True,True,True
1823727034,0.3058138446701426,0.37971531868207853,0.6911806276570643,0.07189482726141196,B,1.0,0.8333333333333334,0.9090909090909091,1,True,0,False,False,False
1823727034,0.3058138446701426,0.37971531868207853,0.6911806276570643,0.07189482726141196,C,1.0,1.0,1.0,0,True,0,False,False,False
421598040,0.1459445324253291,0.23490646544241608,0.5607510400787168,0.39303036490256377,A,0.7142857142857143,0.8333333333333334,0.7692307692307692,3,True,2,True,True,True
421598040,0.1459445324253291,0.23490646544241608,0.5607510400787168,0.39303036490256377,B,1.0,0.8333333333333334,0.9090909090909091,1,True,0,False,False,False
421598040,0.1459445324253291,0.23490646544241608,0.5607510400787168,0.39303036490256377,C,1.0,1.0,1.0,0,True,0,False,False,False
2964298251,0.21500785113720228,0.24380007086379477,0.5188053920351121,0.2958622216542487,A,0.7142857142857143,0.8333333333333334,0.7692307692307692,3,True,2,True,True,True
2964298251,0.21500785113720228,0.24380007086379477,0.5188053920351121,0.2958622216542487,B,1.0,0.8333333333333334,0.9090909090909091,1,True,0,False,False,False
2964298251,0.21500785113720228,0.24380007086379477,0.5188053920351121,0.2958622216542487,C,1.0,1.0,1.0,0,True,0,False,False,False
2788389328,0.15176174261924294,0.20895715726185402,0.42616310576833466,0.2517024666133951,A,0.7142857142857143,0.8333333333333334,0.7692307692307692,3,True,2,True,True,True
2788389328,0.15176174261924294,0.20895715726185402,0.42616310576833466,0.2517024666133951,B,1.0,0.8333333333333334,0.9090909090909091,1,True,0,False,False,False
2788389328,0.15176174261924294,0.20895715726185402,0.42616310576833466,0.2517024666133951,C,1.0,1.0,1.0,0,True,0,False,False,False
3114073589,0.2715094672902973,0.3607506954494635,0.6451357412933544,0.16102232911321704,A,0.7142857142857143,0.8333333333333334,0.7692307692307692,3,True,2,True,True,True
3114073589,0.2715094672902973,0.3607506954494635,0.6451357412933544,0.16102232911321704,B,1.0,0.8333333333333334,0.9090909090909091,1,True,0,False,False,False
3114073589,0.2715094672902973,0.3607506954494635,0.6451357412933544,0.16102232911321704,C,1.0,1.0,1.0,0,True,0,False,False,False
1622945989,0.31010110562689464,0.37265586483734564,0.6669402011889756,0.022679911056409194,A,0.7142857142857143,0.8333333333333334,0.7692307692307692,3,True,2,True,True,True
1622945989,0.31010110562689464,0.37265586483734564,0.6669402011889756,0.022679911056409194,B,1.0,0.8333333333333334,0.9090909090909091,1,True,0,False,False,False
1622945989,0.31010110562689464,0.37265586483734564,0.6669402011889756,0.022679911056409194,C,1.0,1.0,1.0,0,True,0,False,False,False
3828125784,0.18514474534208086,0.2536318289827679,0.6123351958514717,0.0007057996705509618,A,0.7142857142857143,0.8333333333333334,0.7692307692307692,3,True,2,True,True,True
3828125784,0.18514474534208086,0.2536318289827679,0.6123351958514717,0.0007057996705509618,B,1.0,0.8333333333333334,0.9090909090909091,1,True,0,False,False,False
3828125784,0.18514474534208086,0.2536318289827679,0.6123351958514717,0.0007057996705509618,C,1.0,1.0,1.0,0,True,0,False,False,False
3215923660,0.16932244374167266,0.2457122641097683,0.5276731414019831,-0.01735321817712508,A,0.7142857142857143,0.8333333333333334,0.7692307692307692,3,True,2,True,True,True
3215923660,0.16932244374167266,0.2457122641097683,0.5276731414019831,-0.01735321817712508,B,1.0,0.8333333333333334,0.9090909090909091,1,True,0,False,False,False
3215923660,0.16932244374167266,0.2457122641097683,0.5276731414019831,-0.01735321817712508,C,1.0,1.0,1.0,0,True,0,False,False,False
2710117888,0.3254585372830181,0.38197563018252384,0.7125679104217085,0.2365459484717892,A,0.7142857142857143,0.8333333333333334,0.7692307692307692,3,True,2,True,True,True
2710117888,0.3254585372830181,0.38197563018252384,0.7125679104217085,0.2365459484717892,B,1.0,0.8333333333333334,0.9090909090909091,1,True,0,False,False,False
2710117888,0.3254585372830181,0.38197563018252384,0.7125679104217085,0.2365459484717892,C,1.0,1.0,1.0,0,True,0,False,False,False
1579834003,0.33617539151102666,0.39516117911594584,0.677743177240353,0.36933562101441486,A,0.7142857142857143,0.8333333333333334,0.7692307692307692,3,True,2,True,True,True
1579834003,0.33617539151102666,0.39516117911594584,0.677743177240353,0.36933562101441486,B,1.0,0.8333333333333334,0.9090909090909091,1,True,0,False,False,False
1579834003,0.33617539151102666,0.39516117911594584,0.677743177240353,0.36933562101441486,C,1.0,1.0,1.0,0,True,0,False,False,False
852198479,0.23295488630880284,0.2993084276062849,0.6018779379227096,0.031874304490054114,A,0.7142857142857143,0.8333333333333334,0.7692307692307692,3,True,2,True,True,True
852198479,0.23295488630880284,0.2993084276062849,0.6018779379227096,0.031874304490054114,B,1.0,0.8333333333333334,0.9090909090909091,1,True,0,False,False,False
852198479,0.23295488630880284,0.2993084276062849,0.6018779379227096,0.031874304490054114,C,1.0,1.0,1.0,0,True,0,False,False,False
3216240464,0.1518680249947955,0.23396891067838294,0.5843888128818643,0.4080481503595645,A,0.7142857142857143,0.8333333333333334,0.7692307692307692,3,True,2,True,True,True
3216240464,0.1518680249947955,0.23396891067838294,0.5843888128818643,0.4080481503595645,B,1.0,0.8333333333333334,0.9090909090909091,1,True,0,False,False,False
3216240464,0.1518680249947955,0.23396891067838294,0.5843888128818643,0.4080481503595645,C,1.0,1.0,1.0,0,True,0,False,False,False
3065469022,0.37445221249969407,0.43322775912411315,0.8568265475611653,0.4324183347745202,A,0.7142857142857143,0.8333333333333334,0.7692307692307692,3,True,2,True,True,True
3065469022,0.37445221249969407,0.43322775912411315,0.8568265475611653,0.4324183347745202,B,1.0,0.8333333333333334,0.9090909090909091,1,True,0,False,False,False
3065469022,0.37445221249969407,0.43322775912411315,0.8568265475611653,0.4324183347745202,C,1.0,1.0,1.0,0,True,0,False,False,False
939214018,0.12679337271452254,0.18712401824059924,0.531042412344124,0.4905815908230829,A,0.7142857142857143,0.8333333333333334,0.7692307692307692,3,True,2,True,True,True
939214018,0.12679337271452254,0.18712401824059924,0.531042412344124,0.4905815908230829,B,1.0,0.8333333333333334,0.9090909090909091,1,True,0,False,False,False
939214018,0.12679337271452254,0.18712401824059924,0.531042412344124,0.4905815908230829,C,1.0,1.0,1.0,0,True,0,False,False,False
2481426867,0.17758976718977576,0.26857678653751654,0.5728167856972933,-0.0013381496106559564,A,0.7142857142857143,0.8333333333333334,0.7692307692307692,3,True,2,True,True,True
2481426867,0.17758976718977576,0.26857678653751654,0.5728167856972933,-0.0013381496106559564,B,1.0,0.8333333333333334,0.9090909090909091,1,True,0,False,False,False
2481426867,0.17758976718977576,0.26857678653751654,0.5728167856972933,-0.0013381496106559564,C,1.0,1.0,1.0,0,True,0,False,False,False
4193244812,0.26593674065098416,0.33427625522274806,0.6005711956856709,0.575615944041921,A,0.7142857142857143,0.8333333333333334,0.7692307692307692,3,True,2,True,True,True
4193244812,0.26593674065098416,0.33427625522274806,0.6005711956856709,0.575615944041921,B,1.0,0.8333333333333334,0.9090909090909091,1,True,0,False,False,False
4193244812,0.26593674065098416,0.33427625522274806,0.6005711956856709,0.575615944041921,C,1.0,1.0,1.0,0,True,0,False,False,False
2851193080,0.2669909355112279,0.3764008826281652,0.6549698527406742,0.6200009535147731,A,0.7142857142857143,0.8333333333333334,0.7692307692307692,3,True,2,True,True,True
2851193080,0.2669909355112279,0.3764008826281652,0.6549698527406742,0.6200009535147731,B,1.0,0.8333333333333334,0.9090909090909091,1,True,0,False,False,False
2851193080,0.2669909355112279,0.3764008826281652,0.6549698527406742,0.6200009535147731,C,1.0,1.0,1.0,0,True,0,False,False,False
1720172030,0.36726240258476084,0.4279624865911588,0.6832173533597625,0.17456472997550687,A,0.7142857142857143,0.8333333333333334,0.7692307692307692,3,True,2,True,True,True
1720172030,0.36726240258476084,0.4279624865911588,0.6832173533597625,0.17456472997550687,B,1.0,0.8333333333333334,0.9090909090909091,1,True,0,False,False,False
1720172030,0.36726240258476084,0.4279624865911588,0.6832173533597625,0.17456472997550687,C,1.0,1.0,1.0,0,True,0,False,False,False
3345362178,0.07756857401038036,0.12256422302828701,0.38561868977532593,0.20404116327395538,A,0.7142857142857143,0.8333333333333334,0.7692307692307692,3,True,2,True,True,True
3345362178,0.07756857401038036,0.12256422302828701,0.38561868977532593,0.20404116327395538,B,1.0,0.8333333333333334,0.9090909090909091,1,True,0,False,False,False
3345362178,0.07756857401038036,0.12256422302828701,0.38561868977532593,0.20404116327395538,C,1.0,1.0,1.0,0,True,0,False,False,False
3855300136,0.2683258402313328,0.3603715385377535,0.6610307562030819,0.5169639221894239,A,0.7142857142857143,0.8333333333333334,0.7692307692307692,3,True,2,True,True,True
3855300136,0.2683258402313328,0.3603715385377535,0.6610307562030819,0.5169639221894239,B,1.0,0.8333333333333334,0.9090909090909091,1,True,0,False,False,False
3855300136,0.2683258402313328,0.3603715385377535,0.6610307562030819,0.5169639221894239,C,1.0,1.0,1.0,0,True,0,False,False,False
3814808328,0.363136473767643,0.4790594464816818,0.7409482379306443,0.5091382886095592,A,0.7142857142857143,0.8333333333333334,0.7692307692307692,3,True,2,True,True,True
3814808328,0.363136473767643,0.4790594464816818,0.7409482379306443,0.5091382886095592,B,1.0,0.8333333333333334,0.9090909090909091,1,True,0,False,False,False
3814808328,0.363136473767643,0.4790594464816818,0.7409482379306443,0.5091382886095592,C,1.0,1.0,1.0,0,True,0,False,False,False
1274344077,0.2671380869816509,0.3474207011849478,0.6800076282370204,0.31121988965742964,A,0.7142857142857143,0.8333333333333334,0.7692307692307692,3,True,2,True,True,True
1274344077,0.2671380869816509,0.3474207011849478,0.6800076282370204,0.31121988965742964,B,1.0,0.8333333333333334,0.9090909090909091,1,True,0,False,False,False
1274344077,0.2671380869816509,0.3474207011849478,0.6800076282370204,0.31121988965742964,C,1.0,1.0,1.0,0,True,0,False,False,False
3600658089,0.1931923602042467,0.253691575391584,0.6199422767059899,0.05217000504802709,A,0.7142857142857143,0.8333333333333334,0.7692307692307692,3,True,2,True,True,True
3600658089,0.1931923602042467,0.253691575391584,0.6199422767059899,0.05217000504802709,B,1.0,0.8333333333333334,0.9090909090909091,1,True,0,False,False,False
3600658089,0.1931923602042467,0.253691575391584,0.6199422767059899,0.05217000504802709,C,1.0,1.0,1.0,0,True,0,False,False,False
2917378944,0.4027687409781475,0.47839998253720134,0.735637627757437,-0.14962603371177774,A,0.7142857142857143,0.8333333333333334,0.7692307692307692,3,True,2,True,True,True
2917378944,0.4027687409781475,0.47839998253720134,0.735637627757437,-0.14962603371177774,B,1.0,0.8333333333333334,0.9090909090909091,1,True,0,False,False,False
2917378944,0.4027687409781475,0.47839998253720134,0.735637627757437,-0.14962603371177774,C,1.0,1.0,1.0,0,True,0,False,False,False
1896174476,0.3429039895958741,0.40905755726496223,0.7067351427231232,0.482338256284902,A,0.7142857142857143,0.8333333333333334,0.7692307692307692,3,True,2,True,True,True
1896174476,0.3429039895958741,0.40905755726496223,0.7067351427231232,0.482338256284902,B,1.0,0.8333333333333334,0.9090909090909091,1,True,0,False,False,False
1896174476,0.3429039895958741,0.40905755726496223,0.7067351427231232,0.482338256284902,C,1.0,1.0,1.0,0,True,0,False,False,False
3461740524,0.3231690590003572,0.38802186811209805,0.7679109203432061,-0.08061466149986996,A,0.7142857142857143,0.8333333333333334,0.7692307692307692,3,True,2,True,True,True
3461740524,0.3231690590003572,0.38802186811209805,0.7679109203432061,-0.08061466149986996,B,1.0,0.8333333333333334,0.9090909090909091,1,True,0,False,False,False
3461740524,0.3231690590003572,0.38802186811209805,0.7679109203432061,-0.08061466149986996,C,1.0,1.0,1.0,0,True,0,False,False,False
3639084716,0.2927982544626499,0.3574457759117565,0.5668836879423426,0.3309000171985528,A,0.7142857142857143,0.8333333333333334,0.7692307692307692,3,True,2,True,True,True
3639084716,0.2927982544626499,0.3574457759117565,0.5668836879423426,0.3309000171985528,B,1.0,0.8333333333333334,0.9090909090909091,1,True,0,False,False,False
3639084716,0.2927982544626499,0.3574457759117565,0.5668836879423426,0.3309000171985528,C,1.0,1.0,1.0,0,True,0,False,False,False
3796896435,0.14149810958889125,0.19362539257444805,0.5783852542500201,0.11750586670154127,A,0.7142857142857143,0.8333333333333334,0.7692307692307692,3,True,2,True,True,True
3796896435,0.14149810958889125,0.19362539257444805,0.5783852542500201,0.11750586670154127,B,1.0,0.8333333333333334,0.9090909090909091,1,True,0,False,False,False
3796896435,0.14149810958889125,0.19362539257444805,0.5783852542500201,0.11750586670154127,C,1.0,1.0,1.0,0,True,0,False,False,False
2727807870,0.2193330233960141,0.28758421702202613,0.547913881922205,0.08313100320097824,A,0.7142857142857143,0.8333333333333334,0.7692307692307692,3,True,2,True,True,True
2727807870,0.2193330233960141,0.28758421702202613,0.547913881922205,0.08313100320097824,B,1.0,0.8333333333333334,0.9090909090909091,1,True,0,False,False,False
2727807870,0.2193330233960141,0.28758421702202613,0.547913881922205,0.08313100320097824,C,1.0,1.0,1.0,0,True,0,False,False,False
1926762209,0.24784205015549354,0.33327861746854204,0.6945804857046247,0.11627663111529866,A,0.7142857142857143,0.8333333333333334,0.7692307692307692,3,True,2,True,True,True
1926762209,0.24784205015549354,0.33327861746854204,0.6945804857046247,0.11627663111529866,B,1.0,0.8333333333333334,0.9090909090909091,1,True,0,False,False,False
1926762209,0.24784205015549354,0.33327861746854204,0.6945804857046247,0.11627663111529866,C,1.0,1.0,1.0,0,True,0,False,False,False
2704618017,0.18087480989908758,0.2561605211394835,0.547215666103302,0.03190144064897348,A,0.7142857142857143,0.8333333333333334,0.7692307692307692,3,True,2,True,True,True
2704618017,0.18087480989908758,0.2561605211394835,0.547215666103302,0.03190144064897348,B,1.0,0.8333333333333334,0.9090909090909091,1,True,0,False,False,False
2704618017,0.18087480989908758,0.2561605211394835,0.547215666103302,0.03190144064897348,C,1.0,1.0,1.0,0,True,0,False,False,False
